[2025-05-27T17:47:26.740+0000] {processor.py:161} INFO - Started process (PID=164) to work on /opt/airflow/dags/retail_lakehouse_dag.py
[2025-05-27T17:47:26.742+0000] {processor.py:830} INFO - Processing file /opt/airflow/dags/retail_lakehouse_dag.py for tasks to queue
[2025-05-27T17:47:26.743+0000] {logging_mixin.py:188} INFO - [2025-05-27T17:47:26.743+0000] {dagbag.py:538} INFO - Filling up the DagBag from /opt/airflow/dags/retail_lakehouse_dag.py
[2025-05-27T17:47:26.792+0000] {logging_mixin.py:188} INFO - [2025-05-27T17:47:26.786+0000] {dagbag.py:348} ERROR - Failed to import: /opt/airflow/dags/retail_lakehouse_dag.py
Traceback (most recent call last):
  File "/home/airflow/.local/lib/python3.10/site-packages/airflow/models/dagbag.py", line 344, in parse
    loader.exec_module(new_module)
  File "<frozen importlib._bootstrap_external>", line 883, in exec_module
  File "<frozen importlib._bootstrap>", line 241, in _call_with_frames_removed
  File "/opt/airflow/dags/retail_lakehouse_dag.py", line 19, in <module>
    raw_to_bronze = DockerOperator(
  File "/home/airflow/.local/lib/python3.10/site-packages/airflow/models/baseoperator.py", line 437, in apply_defaults
    result = func(self, **kwargs, default_args=default_args)
  File "/home/airflow/.local/lib/python3.10/site-packages/airflow/providers/docker/operators/docker.py", line 265, in __init__
    super().__init__(**kwargs)
  File "/home/airflow/.local/lib/python3.10/site-packages/airflow/models/baseoperator.py", line 437, in apply_defaults
    result = func(self, **kwargs, default_args=default_args)
  File "/home/airflow/.local/lib/python3.10/site-packages/airflow/models/baseoperator.py", line 793, in __init__
    raise AirflowException(
airflow.exceptions.AirflowException: Invalid arguments were passed to DockerOperator (task_id: raw_to_bronze). Invalid arguments were:
**kwargs: {'volumes': ['/var/run/docker.sock:/var/run/docker.sock', './:/app']}
[2025-05-27T17:47:26.793+0000] {processor.py:842} WARNING - No viable dags retrieved from /opt/airflow/dags/retail_lakehouse_dag.py
[2025-05-27T17:47:26.819+0000] {processor.py:183} INFO - Processing /opt/airflow/dags/retail_lakehouse_dag.py took 0.083 seconds
[2025-05-27T17:47:57.140+0000] {processor.py:161} INFO - Started process (PID=169) to work on /opt/airflow/dags/retail_lakehouse_dag.py
[2025-05-27T17:47:57.141+0000] {processor.py:830} INFO - Processing file /opt/airflow/dags/retail_lakehouse_dag.py for tasks to queue
[2025-05-27T17:47:57.142+0000] {logging_mixin.py:188} INFO - [2025-05-27T17:47:57.142+0000] {dagbag.py:538} INFO - Filling up the DagBag from /opt/airflow/dags/retail_lakehouse_dag.py
[2025-05-27T17:47:57.163+0000] {logging_mixin.py:188} INFO - [2025-05-27T17:47:57.156+0000] {dagbag.py:348} ERROR - Failed to import: /opt/airflow/dags/retail_lakehouse_dag.py
Traceback (most recent call last):
  File "/home/airflow/.local/lib/python3.10/site-packages/airflow/models/dagbag.py", line 344, in parse
    loader.exec_module(new_module)
  File "<frozen importlib._bootstrap_external>", line 883, in exec_module
  File "<frozen importlib._bootstrap>", line 241, in _call_with_frames_removed
  File "/opt/airflow/dags/retail_lakehouse_dag.py", line 19, in <module>
    raw_to_bronze = DockerOperator(
  File "/home/airflow/.local/lib/python3.10/site-packages/airflow/models/baseoperator.py", line 437, in apply_defaults
    result = func(self, **kwargs, default_args=default_args)
  File "/home/airflow/.local/lib/python3.10/site-packages/airflow/providers/docker/operators/docker.py", line 265, in __init__
    super().__init__(**kwargs)
  File "/home/airflow/.local/lib/python3.10/site-packages/airflow/models/baseoperator.py", line 437, in apply_defaults
    result = func(self, **kwargs, default_args=default_args)
  File "/home/airflow/.local/lib/python3.10/site-packages/airflow/models/baseoperator.py", line 793, in __init__
    raise AirflowException(
airflow.exceptions.AirflowException: Invalid arguments were passed to DockerOperator (task_id: raw_to_bronze). Invalid arguments were:
**kwargs: {'volumes': ['/var/run/docker.sock:/var/run/docker.sock', './:/app']}
[2025-05-27T17:47:57.164+0000] {processor.py:842} WARNING - No viable dags retrieved from /opt/airflow/dags/retail_lakehouse_dag.py
[2025-05-27T17:47:57.183+0000] {processor.py:183} INFO - Processing /opt/airflow/dags/retail_lakehouse_dag.py took 0.046 seconds
[2025-05-27T17:48:27.558+0000] {processor.py:161} INFO - Started process (PID=174) to work on /opt/airflow/dags/retail_lakehouse_dag.py
[2025-05-27T17:48:27.558+0000] {processor.py:830} INFO - Processing file /opt/airflow/dags/retail_lakehouse_dag.py for tasks to queue
[2025-05-27T17:48:27.560+0000] {logging_mixin.py:188} INFO - [2025-05-27T17:48:27.559+0000] {dagbag.py:538} INFO - Filling up the DagBag from /opt/airflow/dags/retail_lakehouse_dag.py
[2025-05-27T17:48:27.579+0000] {logging_mixin.py:188} INFO - [2025-05-27T17:48:27.576+0000] {dagbag.py:348} ERROR - Failed to import: /opt/airflow/dags/retail_lakehouse_dag.py
Traceback (most recent call last):
  File "/home/airflow/.local/lib/python3.10/site-packages/airflow/models/dagbag.py", line 344, in parse
    loader.exec_module(new_module)
  File "<frozen importlib._bootstrap_external>", line 883, in exec_module
  File "<frozen importlib._bootstrap>", line 241, in _call_with_frames_removed
  File "/opt/airflow/dags/retail_lakehouse_dag.py", line 19, in <module>
    raw_to_bronze = DockerOperator(
  File "/home/airflow/.local/lib/python3.10/site-packages/airflow/models/baseoperator.py", line 437, in apply_defaults
    result = func(self, **kwargs, default_args=default_args)
  File "/home/airflow/.local/lib/python3.10/site-packages/airflow/providers/docker/operators/docker.py", line 265, in __init__
    super().__init__(**kwargs)
  File "/home/airflow/.local/lib/python3.10/site-packages/airflow/models/baseoperator.py", line 437, in apply_defaults
    result = func(self, **kwargs, default_args=default_args)
  File "/home/airflow/.local/lib/python3.10/site-packages/airflow/models/baseoperator.py", line 793, in __init__
    raise AirflowException(
airflow.exceptions.AirflowException: Invalid arguments were passed to DockerOperator (task_id: raw_to_bronze). Invalid arguments were:
**kwargs: {'volumes': ['/var/run/docker.sock:/var/run/docker.sock', './:/app']}
[2025-05-27T17:48:27.580+0000] {processor.py:842} WARNING - No viable dags retrieved from /opt/airflow/dags/retail_lakehouse_dag.py
[2025-05-27T17:48:27.607+0000] {processor.py:183} INFO - Processing /opt/airflow/dags/retail_lakehouse_dag.py took 0.052 seconds
[2025-05-27T17:48:57.962+0000] {processor.py:161} INFO - Started process (PID=179) to work on /opt/airflow/dags/retail_lakehouse_dag.py
[2025-05-27T17:48:57.962+0000] {processor.py:830} INFO - Processing file /opt/airflow/dags/retail_lakehouse_dag.py for tasks to queue
[2025-05-27T17:48:57.963+0000] {logging_mixin.py:188} INFO - [2025-05-27T17:48:57.963+0000] {dagbag.py:538} INFO - Filling up the DagBag from /opt/airflow/dags/retail_lakehouse_dag.py
[2025-05-27T17:48:57.980+0000] {logging_mixin.py:188} INFO - [2025-05-27T17:48:57.976+0000] {dagbag.py:348} ERROR - Failed to import: /opt/airflow/dags/retail_lakehouse_dag.py
Traceback (most recent call last):
  File "/home/airflow/.local/lib/python3.10/site-packages/airflow/models/dagbag.py", line 344, in parse
    loader.exec_module(new_module)
  File "<frozen importlib._bootstrap_external>", line 883, in exec_module
  File "<frozen importlib._bootstrap>", line 241, in _call_with_frames_removed
  File "/opt/airflow/dags/retail_lakehouse_dag.py", line 19, in <module>
    raw_to_bronze = DockerOperator(
  File "/home/airflow/.local/lib/python3.10/site-packages/airflow/models/baseoperator.py", line 437, in apply_defaults
    result = func(self, **kwargs, default_args=default_args)
  File "/home/airflow/.local/lib/python3.10/site-packages/airflow/providers/docker/operators/docker.py", line 265, in __init__
    super().__init__(**kwargs)
  File "/home/airflow/.local/lib/python3.10/site-packages/airflow/models/baseoperator.py", line 437, in apply_defaults
    result = func(self, **kwargs, default_args=default_args)
  File "/home/airflow/.local/lib/python3.10/site-packages/airflow/models/baseoperator.py", line 793, in __init__
    raise AirflowException(
airflow.exceptions.AirflowException: Invalid arguments were passed to DockerOperator (task_id: raw_to_bronze). Invalid arguments were:
**kwargs: {'volumes': ['/var/run/docker.sock:/var/run/docker.sock', './:/app']}
[2025-05-27T17:48:57.980+0000] {processor.py:842} WARNING - No viable dags retrieved from /opt/airflow/dags/retail_lakehouse_dag.py
[2025-05-27T17:48:58.000+0000] {processor.py:183} INFO - Processing /opt/airflow/dags/retail_lakehouse_dag.py took 0.041 seconds
[2025-05-27T17:49:28.330+0000] {processor.py:161} INFO - Started process (PID=184) to work on /opt/airflow/dags/retail_lakehouse_dag.py
[2025-05-27T17:49:28.331+0000] {processor.py:830} INFO - Processing file /opt/airflow/dags/retail_lakehouse_dag.py for tasks to queue
[2025-05-27T17:49:28.332+0000] {logging_mixin.py:188} INFO - [2025-05-27T17:49:28.332+0000] {dagbag.py:538} INFO - Filling up the DagBag from /opt/airflow/dags/retail_lakehouse_dag.py
[2025-05-27T17:49:28.349+0000] {logging_mixin.py:188} INFO - [2025-05-27T17:49:28.346+0000] {dagbag.py:348} ERROR - Failed to import: /opt/airflow/dags/retail_lakehouse_dag.py
Traceback (most recent call last):
  File "/home/airflow/.local/lib/python3.10/site-packages/airflow/models/dagbag.py", line 344, in parse
    loader.exec_module(new_module)
  File "<frozen importlib._bootstrap_external>", line 883, in exec_module
  File "<frozen importlib._bootstrap>", line 241, in _call_with_frames_removed
  File "/opt/airflow/dags/retail_lakehouse_dag.py", line 19, in <module>
    raw_to_bronze = DockerOperator(
  File "/home/airflow/.local/lib/python3.10/site-packages/airflow/models/baseoperator.py", line 437, in apply_defaults
    result = func(self, **kwargs, default_args=default_args)
  File "/home/airflow/.local/lib/python3.10/site-packages/airflow/providers/docker/operators/docker.py", line 265, in __init__
    super().__init__(**kwargs)
  File "/home/airflow/.local/lib/python3.10/site-packages/airflow/models/baseoperator.py", line 437, in apply_defaults
    result = func(self, **kwargs, default_args=default_args)
  File "/home/airflow/.local/lib/python3.10/site-packages/airflow/models/baseoperator.py", line 793, in __init__
    raise AirflowException(
airflow.exceptions.AirflowException: Invalid arguments were passed to DockerOperator (task_id: raw_to_bronze). Invalid arguments were:
**kwargs: {'volumes': ['/var/run/docker.sock:/var/run/docker.sock', './:/app']}
[2025-05-27T17:49:28.350+0000] {processor.py:842} WARNING - No viable dags retrieved from /opt/airflow/dags/retail_lakehouse_dag.py
[2025-05-27T17:49:28.367+0000] {processor.py:183} INFO - Processing /opt/airflow/dags/retail_lakehouse_dag.py took 0.039 seconds
[2025-05-27T17:49:58.790+0000] {processor.py:161} INFO - Started process (PID=189) to work on /opt/airflow/dags/retail_lakehouse_dag.py
[2025-05-27T17:49:58.790+0000] {processor.py:830} INFO - Processing file /opt/airflow/dags/retail_lakehouse_dag.py for tasks to queue
[2025-05-27T17:49:58.791+0000] {logging_mixin.py:188} INFO - [2025-05-27T17:49:58.791+0000] {dagbag.py:538} INFO - Filling up the DagBag from /opt/airflow/dags/retail_lakehouse_dag.py
[2025-05-27T17:49:58.815+0000] {logging_mixin.py:188} INFO - [2025-05-27T17:49:58.812+0000] {dagbag.py:348} ERROR - Failed to import: /opt/airflow/dags/retail_lakehouse_dag.py
Traceback (most recent call last):
  File "/home/airflow/.local/lib/python3.10/site-packages/airflow/models/dagbag.py", line 344, in parse
    loader.exec_module(new_module)
  File "<frozen importlib._bootstrap_external>", line 883, in exec_module
  File "<frozen importlib._bootstrap>", line 241, in _call_with_frames_removed
  File "/opt/airflow/dags/retail_lakehouse_dag.py", line 19, in <module>
    raw_to_bronze = DockerOperator(
  File "/home/airflow/.local/lib/python3.10/site-packages/airflow/models/baseoperator.py", line 437, in apply_defaults
    result = func(self, **kwargs, default_args=default_args)
  File "/home/airflow/.local/lib/python3.10/site-packages/airflow/providers/docker/operators/docker.py", line 265, in __init__
    super().__init__(**kwargs)
  File "/home/airflow/.local/lib/python3.10/site-packages/airflow/models/baseoperator.py", line 437, in apply_defaults
    result = func(self, **kwargs, default_args=default_args)
  File "/home/airflow/.local/lib/python3.10/site-packages/airflow/models/baseoperator.py", line 793, in __init__
    raise AirflowException(
airflow.exceptions.AirflowException: Invalid arguments were passed to DockerOperator (task_id: raw_to_bronze). Invalid arguments were:
**kwargs: {'volumes': ['/var/run/docker.sock:/var/run/docker.sock', './:/app']}
[2025-05-27T17:49:58.816+0000] {processor.py:842} WARNING - No viable dags retrieved from /opt/airflow/dags/retail_lakehouse_dag.py
[2025-05-27T17:49:58.842+0000] {processor.py:183} INFO - Processing /opt/airflow/dags/retail_lakehouse_dag.py took 0.054 seconds
[2025-05-27T17:50:29.183+0000] {processor.py:161} INFO - Started process (PID=194) to work on /opt/airflow/dags/retail_lakehouse_dag.py
[2025-05-27T17:50:29.184+0000] {processor.py:830} INFO - Processing file /opt/airflow/dags/retail_lakehouse_dag.py for tasks to queue
[2025-05-27T17:50:29.185+0000] {logging_mixin.py:188} INFO - [2025-05-27T17:50:29.184+0000] {dagbag.py:538} INFO - Filling up the DagBag from /opt/airflow/dags/retail_lakehouse_dag.py
[2025-05-27T17:50:29.202+0000] {logging_mixin.py:188} INFO - [2025-05-27T17:50:29.198+0000] {dagbag.py:348} ERROR - Failed to import: /opt/airflow/dags/retail_lakehouse_dag.py
Traceback (most recent call last):
  File "/home/airflow/.local/lib/python3.10/site-packages/airflow/models/dagbag.py", line 344, in parse
    loader.exec_module(new_module)
  File "<frozen importlib._bootstrap_external>", line 883, in exec_module
  File "<frozen importlib._bootstrap>", line 241, in _call_with_frames_removed
  File "/opt/airflow/dags/retail_lakehouse_dag.py", line 19, in <module>
    raw_to_bronze = DockerOperator(
  File "/home/airflow/.local/lib/python3.10/site-packages/airflow/models/baseoperator.py", line 437, in apply_defaults
    result = func(self, **kwargs, default_args=default_args)
  File "/home/airflow/.local/lib/python3.10/site-packages/airflow/providers/docker/operators/docker.py", line 265, in __init__
    super().__init__(**kwargs)
  File "/home/airflow/.local/lib/python3.10/site-packages/airflow/models/baseoperator.py", line 437, in apply_defaults
    result = func(self, **kwargs, default_args=default_args)
  File "/home/airflow/.local/lib/python3.10/site-packages/airflow/models/baseoperator.py", line 793, in __init__
    raise AirflowException(
airflow.exceptions.AirflowException: Invalid arguments were passed to DockerOperator (task_id: raw_to_bronze). Invalid arguments were:
**kwargs: {'volumes': ['/var/run/docker.sock:/var/run/docker.sock', './:/app']}
[2025-05-27T17:50:29.203+0000] {processor.py:842} WARNING - No viable dags retrieved from /opt/airflow/dags/retail_lakehouse_dag.py
[2025-05-27T17:50:29.225+0000] {processor.py:183} INFO - Processing /opt/airflow/dags/retail_lakehouse_dag.py took 0.044 seconds
[2025-05-27T17:50:59.580+0000] {processor.py:161} INFO - Started process (PID=199) to work on /opt/airflow/dags/retail_lakehouse_dag.py
[2025-05-27T17:50:59.582+0000] {processor.py:830} INFO - Processing file /opt/airflow/dags/retail_lakehouse_dag.py for tasks to queue
[2025-05-27T17:50:59.583+0000] {logging_mixin.py:188} INFO - [2025-05-27T17:50:59.582+0000] {dagbag.py:538} INFO - Filling up the DagBag from /opt/airflow/dags/retail_lakehouse_dag.py
[2025-05-27T17:50:59.610+0000] {logging_mixin.py:188} INFO - [2025-05-27T17:50:59.602+0000] {dagbag.py:348} ERROR - Failed to import: /opt/airflow/dags/retail_lakehouse_dag.py
Traceback (most recent call last):
  File "/home/airflow/.local/lib/python3.10/site-packages/airflow/models/dagbag.py", line 344, in parse
    loader.exec_module(new_module)
  File "<frozen importlib._bootstrap_external>", line 883, in exec_module
  File "<frozen importlib._bootstrap>", line 241, in _call_with_frames_removed
  File "/opt/airflow/dags/retail_lakehouse_dag.py", line 19, in <module>
    raw_to_bronze = DockerOperator(
  File "/home/airflow/.local/lib/python3.10/site-packages/airflow/models/baseoperator.py", line 437, in apply_defaults
    result = func(self, **kwargs, default_args=default_args)
  File "/home/airflow/.local/lib/python3.10/site-packages/airflow/providers/docker/operators/docker.py", line 265, in __init__
    super().__init__(**kwargs)
  File "/home/airflow/.local/lib/python3.10/site-packages/airflow/models/baseoperator.py", line 437, in apply_defaults
    result = func(self, **kwargs, default_args=default_args)
  File "/home/airflow/.local/lib/python3.10/site-packages/airflow/models/baseoperator.py", line 793, in __init__
    raise AirflowException(
airflow.exceptions.AirflowException: Invalid arguments were passed to DockerOperator (task_id: raw_to_bronze). Invalid arguments were:
**kwargs: {'volumes': ['/var/run/docker.sock:/var/run/docker.sock', './:/app']}
[2025-05-27T17:50:59.611+0000] {processor.py:842} WARNING - No viable dags retrieved from /opt/airflow/dags/retail_lakehouse_dag.py
[2025-05-27T17:50:59.637+0000] {processor.py:183} INFO - Processing /opt/airflow/dags/retail_lakehouse_dag.py took 0.061 seconds
[2025-05-27T17:51:29.962+0000] {processor.py:161} INFO - Started process (PID=204) to work on /opt/airflow/dags/retail_lakehouse_dag.py
[2025-05-27T17:51:29.963+0000] {processor.py:830} INFO - Processing file /opt/airflow/dags/retail_lakehouse_dag.py for tasks to queue
[2025-05-27T17:51:29.964+0000] {logging_mixin.py:188} INFO - [2025-05-27T17:51:29.964+0000] {dagbag.py:538} INFO - Filling up the DagBag from /opt/airflow/dags/retail_lakehouse_dag.py
[2025-05-27T17:51:29.979+0000] {logging_mixin.py:188} INFO - [2025-05-27T17:51:29.976+0000] {dagbag.py:348} ERROR - Failed to import: /opt/airflow/dags/retail_lakehouse_dag.py
Traceback (most recent call last):
  File "/home/airflow/.local/lib/python3.10/site-packages/airflow/models/dagbag.py", line 344, in parse
    loader.exec_module(new_module)
  File "<frozen importlib._bootstrap_external>", line 883, in exec_module
  File "<frozen importlib._bootstrap>", line 241, in _call_with_frames_removed
  File "/opt/airflow/dags/retail_lakehouse_dag.py", line 19, in <module>
    raw_to_bronze = DockerOperator(
  File "/home/airflow/.local/lib/python3.10/site-packages/airflow/models/baseoperator.py", line 437, in apply_defaults
    result = func(self, **kwargs, default_args=default_args)
  File "/home/airflow/.local/lib/python3.10/site-packages/airflow/providers/docker/operators/docker.py", line 265, in __init__
    super().__init__(**kwargs)
  File "/home/airflow/.local/lib/python3.10/site-packages/airflow/models/baseoperator.py", line 437, in apply_defaults
    result = func(self, **kwargs, default_args=default_args)
  File "/home/airflow/.local/lib/python3.10/site-packages/airflow/models/baseoperator.py", line 793, in __init__
    raise AirflowException(
airflow.exceptions.AirflowException: Invalid arguments were passed to DockerOperator (task_id: raw_to_bronze). Invalid arguments were:
**kwargs: {'volumes': ['/var/run/docker.sock:/var/run/docker.sock', './:/app']}
[2025-05-27T17:51:29.980+0000] {processor.py:842} WARNING - No viable dags retrieved from /opt/airflow/dags/retail_lakehouse_dag.py
[2025-05-27T17:51:29.999+0000] {processor.py:183} INFO - Processing /opt/airflow/dags/retail_lakehouse_dag.py took 0.039 seconds
[2025-05-27T17:52:00.432+0000] {processor.py:161} INFO - Started process (PID=209) to work on /opt/airflow/dags/retail_lakehouse_dag.py
[2025-05-27T17:52:00.433+0000] {processor.py:830} INFO - Processing file /opt/airflow/dags/retail_lakehouse_dag.py for tasks to queue
[2025-05-27T17:52:00.434+0000] {logging_mixin.py:188} INFO - [2025-05-27T17:52:00.434+0000] {dagbag.py:538} INFO - Filling up the DagBag from /opt/airflow/dags/retail_lakehouse_dag.py
[2025-05-27T17:52:00.451+0000] {logging_mixin.py:188} INFO - [2025-05-27T17:52:00.448+0000] {dagbag.py:348} ERROR - Failed to import: /opt/airflow/dags/retail_lakehouse_dag.py
Traceback (most recent call last):
  File "/home/airflow/.local/lib/python3.10/site-packages/airflow/models/dagbag.py", line 344, in parse
    loader.exec_module(new_module)
  File "<frozen importlib._bootstrap_external>", line 883, in exec_module
  File "<frozen importlib._bootstrap>", line 241, in _call_with_frames_removed
  File "/opt/airflow/dags/retail_lakehouse_dag.py", line 19, in <module>
    raw_to_bronze = DockerOperator(
  File "/home/airflow/.local/lib/python3.10/site-packages/airflow/models/baseoperator.py", line 437, in apply_defaults
    result = func(self, **kwargs, default_args=default_args)
  File "/home/airflow/.local/lib/python3.10/site-packages/airflow/providers/docker/operators/docker.py", line 265, in __init__
    super().__init__(**kwargs)
  File "/home/airflow/.local/lib/python3.10/site-packages/airflow/models/baseoperator.py", line 437, in apply_defaults
    result = func(self, **kwargs, default_args=default_args)
  File "/home/airflow/.local/lib/python3.10/site-packages/airflow/models/baseoperator.py", line 793, in __init__
    raise AirflowException(
airflow.exceptions.AirflowException: Invalid arguments were passed to DockerOperator (task_id: raw_to_bronze). Invalid arguments were:
**kwargs: {'volumes': ['/var/run/docker.sock:/var/run/docker.sock', './:/app']}
[2025-05-27T17:52:00.451+0000] {processor.py:842} WARNING - No viable dags retrieved from /opt/airflow/dags/retail_lakehouse_dag.py
[2025-05-27T17:52:00.469+0000] {processor.py:183} INFO - Processing /opt/airflow/dags/retail_lakehouse_dag.py took 0.039 seconds
[2025-05-27T17:52:30.835+0000] {processor.py:161} INFO - Started process (PID=214) to work on /opt/airflow/dags/retail_lakehouse_dag.py
[2025-05-27T17:52:30.836+0000] {processor.py:830} INFO - Processing file /opt/airflow/dags/retail_lakehouse_dag.py for tasks to queue
[2025-05-27T17:52:30.838+0000] {logging_mixin.py:188} INFO - [2025-05-27T17:52:30.837+0000] {dagbag.py:538} INFO - Filling up the DagBag from /opt/airflow/dags/retail_lakehouse_dag.py
[2025-05-27T17:52:30.860+0000] {logging_mixin.py:188} INFO - [2025-05-27T17:52:30.855+0000] {dagbag.py:348} ERROR - Failed to import: /opt/airflow/dags/retail_lakehouse_dag.py
Traceback (most recent call last):
  File "/home/airflow/.local/lib/python3.10/site-packages/airflow/models/dagbag.py", line 344, in parse
    loader.exec_module(new_module)
  File "<frozen importlib._bootstrap_external>", line 883, in exec_module
  File "<frozen importlib._bootstrap>", line 241, in _call_with_frames_removed
  File "/opt/airflow/dags/retail_lakehouse_dag.py", line 19, in <module>
    raw_to_bronze = DockerOperator(
  File "/home/airflow/.local/lib/python3.10/site-packages/airflow/models/baseoperator.py", line 437, in apply_defaults
    result = func(self, **kwargs, default_args=default_args)
  File "/home/airflow/.local/lib/python3.10/site-packages/airflow/providers/docker/operators/docker.py", line 265, in __init__
    super().__init__(**kwargs)
  File "/home/airflow/.local/lib/python3.10/site-packages/airflow/models/baseoperator.py", line 437, in apply_defaults
    result = func(self, **kwargs, default_args=default_args)
  File "/home/airflow/.local/lib/python3.10/site-packages/airflow/models/baseoperator.py", line 793, in __init__
    raise AirflowException(
airflow.exceptions.AirflowException: Invalid arguments were passed to DockerOperator (task_id: raw_to_bronze). Invalid arguments were:
**kwargs: {'volumes': ['/var/run/docker.sock:/var/run/docker.sock', './:/app']}
[2025-05-27T17:52:30.861+0000] {processor.py:842} WARNING - No viable dags retrieved from /opt/airflow/dags/retail_lakehouse_dag.py
[2025-05-27T17:52:30.879+0000] {processor.py:183} INFO - Processing /opt/airflow/dags/retail_lakehouse_dag.py took 0.047 seconds
[2025-05-27T17:53:01.201+0000] {processor.py:161} INFO - Started process (PID=219) to work on /opt/airflow/dags/retail_lakehouse_dag.py
[2025-05-27T17:53:01.202+0000] {processor.py:830} INFO - Processing file /opt/airflow/dags/retail_lakehouse_dag.py for tasks to queue
[2025-05-27T17:53:01.203+0000] {logging_mixin.py:188} INFO - [2025-05-27T17:53:01.203+0000] {dagbag.py:538} INFO - Filling up the DagBag from /opt/airflow/dags/retail_lakehouse_dag.py
[2025-05-27T17:53:01.219+0000] {logging_mixin.py:188} INFO - [2025-05-27T17:53:01.215+0000] {dagbag.py:348} ERROR - Failed to import: /opt/airflow/dags/retail_lakehouse_dag.py
Traceback (most recent call last):
  File "/home/airflow/.local/lib/python3.10/site-packages/airflow/models/dagbag.py", line 344, in parse
    loader.exec_module(new_module)
  File "<frozen importlib._bootstrap_external>", line 883, in exec_module
  File "<frozen importlib._bootstrap>", line 241, in _call_with_frames_removed
  File "/opt/airflow/dags/retail_lakehouse_dag.py", line 19, in <module>
    raw_to_bronze = DockerOperator(
  File "/home/airflow/.local/lib/python3.10/site-packages/airflow/models/baseoperator.py", line 437, in apply_defaults
    result = func(self, **kwargs, default_args=default_args)
  File "/home/airflow/.local/lib/python3.10/site-packages/airflow/providers/docker/operators/docker.py", line 265, in __init__
    super().__init__(**kwargs)
  File "/home/airflow/.local/lib/python3.10/site-packages/airflow/models/baseoperator.py", line 437, in apply_defaults
    result = func(self, **kwargs, default_args=default_args)
  File "/home/airflow/.local/lib/python3.10/site-packages/airflow/models/baseoperator.py", line 793, in __init__
    raise AirflowException(
airflow.exceptions.AirflowException: Invalid arguments were passed to DockerOperator (task_id: raw_to_bronze). Invalid arguments were:
**kwargs: {'volumes': ['/var/run/docker.sock:/var/run/docker.sock', './:/app']}
[2025-05-27T17:53:01.219+0000] {processor.py:842} WARNING - No viable dags retrieved from /opt/airflow/dags/retail_lakehouse_dag.py
[2025-05-27T17:53:01.240+0000] {processor.py:183} INFO - Processing /opt/airflow/dags/retail_lakehouse_dag.py took 0.041 seconds
[2025-05-27T17:53:31.595+0000] {processor.py:161} INFO - Started process (PID=224) to work on /opt/airflow/dags/retail_lakehouse_dag.py
[2025-05-27T17:53:31.595+0000] {processor.py:830} INFO - Processing file /opt/airflow/dags/retail_lakehouse_dag.py for tasks to queue
[2025-05-27T17:53:31.596+0000] {logging_mixin.py:188} INFO - [2025-05-27T17:53:31.596+0000] {dagbag.py:538} INFO - Filling up the DagBag from /opt/airflow/dags/retail_lakehouse_dag.py
[2025-05-27T17:53:31.631+0000] {processor.py:840} INFO - DAG(s) 'retail_lakehouse_etl' retrieved from /opt/airflow/dags/retail_lakehouse_dag.py
[2025-05-27T17:53:31.814+0000] {logging_mixin.py:188} INFO - [2025-05-27T17:53:31.813+0000] {override.py:1769} INFO - Created Permission View: can read on DAG:retail_lakehouse_etl
[2025-05-27T17:53:31.826+0000] {logging_mixin.py:188} INFO - [2025-05-27T17:53:31.825+0000] {override.py:1769} INFO - Created Permission View: can edit on DAG:retail_lakehouse_etl
[2025-05-27T17:53:31.835+0000] {logging_mixin.py:188} INFO - [2025-05-27T17:53:31.835+0000] {override.py:1769} INFO - Created Permission View: can delete on DAG:retail_lakehouse_etl
[2025-05-27T17:53:31.837+0000] {logging_mixin.py:188} INFO - [2025-05-27T17:53:31.836+0000] {dag.py:3036} INFO - Sync 1 DAGs
[2025-05-27T17:53:31.846+0000] {logging_mixin.py:188} INFO - [2025-05-27T17:53:31.846+0000] {dag.py:3058} INFO - Creating ORM DAG for retail_lakehouse_etl
[2025-05-27T17:53:31.847+0000] {logging_mixin.py:188} INFO - [2025-05-27T17:53:31.847+0000] {dag.py:3823} INFO - Setting next_dagrun for retail_lakehouse_etl to None, run_after=None
[2025-05-27T17:53:31.880+0000] {processor.py:183} INFO - Processing /opt/airflow/dags/retail_lakehouse_dag.py took 0.288 seconds
[2025-05-27T17:53:32.644+0000] {processor.py:161} INFO - Started process (PID=229) to work on /opt/airflow/dags/retail_lakehouse_dag.py
[2025-05-27T17:53:32.645+0000] {processor.py:830} INFO - Processing file /opt/airflow/dags/retail_lakehouse_dag.py for tasks to queue
[2025-05-27T17:53:32.647+0000] {logging_mixin.py:188} INFO - [2025-05-27T17:53:32.646+0000] {dagbag.py:538} INFO - Filling up the DagBag from /opt/airflow/dags/retail_lakehouse_dag.py
[2025-05-27T17:53:32.692+0000] {processor.py:840} INFO - DAG(s) 'retail_lakehouse_etl' retrieved from /opt/airflow/dags/retail_lakehouse_dag.py
[2025-05-27T17:53:32.707+0000] {logging_mixin.py:188} INFO - [2025-05-27T17:53:32.707+0000] {dag.py:3036} INFO - Sync 1 DAGs
[2025-05-27T17:53:32.718+0000] {logging_mixin.py:188} INFO - [2025-05-27T17:53:32.718+0000] {dag.py:3823} INFO - Setting next_dagrun for retail_lakehouse_etl to None, run_after=None
[2025-05-27T17:53:32.750+0000] {processor.py:183} INFO - Processing /opt/airflow/dags/retail_lakehouse_dag.py took 0.109 seconds
[2025-05-27T17:53:33.668+0000] {processor.py:161} INFO - Started process (PID=234) to work on /opt/airflow/dags/retail_lakehouse_dag.py
[2025-05-27T17:53:33.669+0000] {processor.py:830} INFO - Processing file /opt/airflow/dags/retail_lakehouse_dag.py for tasks to queue
[2025-05-27T17:53:33.671+0000] {logging_mixin.py:188} INFO - [2025-05-27T17:53:33.670+0000] {dagbag.py:538} INFO - Filling up the DagBag from /opt/airflow/dags/retail_lakehouse_dag.py
[2025-05-27T17:53:33.697+0000] {processor.py:840} INFO - DAG(s) 'retail_lakehouse_etl' retrieved from /opt/airflow/dags/retail_lakehouse_dag.py
[2025-05-27T17:53:33.708+0000] {logging_mixin.py:188} INFO - [2025-05-27T17:53:33.708+0000] {dag.py:3036} INFO - Sync 1 DAGs
[2025-05-27T17:53:33.721+0000] {logging_mixin.py:188} INFO - [2025-05-27T17:53:33.721+0000] {dag.py:3823} INFO - Setting next_dagrun for retail_lakehouse_etl to None, run_after=None
[2025-05-27T17:53:33.756+0000] {processor.py:183} INFO - Processing /opt/airflow/dags/retail_lakehouse_dag.py took 0.091 seconds
[2025-05-27T17:53:34.727+0000] {processor.py:161} INFO - Started process (PID=239) to work on /opt/airflow/dags/retail_lakehouse_dag.py
[2025-05-27T17:53:34.731+0000] {processor.py:830} INFO - Processing file /opt/airflow/dags/retail_lakehouse_dag.py for tasks to queue
[2025-05-27T17:53:34.737+0000] {logging_mixin.py:188} INFO - [2025-05-27T17:53:34.736+0000] {dagbag.py:538} INFO - Filling up the DagBag from /opt/airflow/dags/retail_lakehouse_dag.py
[2025-05-27T17:53:34.794+0000] {processor.py:840} INFO - DAG(s) 'retail_lakehouse_etl' retrieved from /opt/airflow/dags/retail_lakehouse_dag.py
[2025-05-27T17:53:34.805+0000] {logging_mixin.py:188} INFO - [2025-05-27T17:53:34.805+0000] {dag.py:3036} INFO - Sync 1 DAGs
[2025-05-27T17:53:34.817+0000] {logging_mixin.py:188} INFO - [2025-05-27T17:53:34.816+0000] {dag.py:3823} INFO - Setting next_dagrun for retail_lakehouse_etl to None, run_after=None
[2025-05-27T17:53:34.847+0000] {processor.py:183} INFO - Processing /opt/airflow/dags/retail_lakehouse_dag.py took 0.126 seconds
[2025-05-27T17:54:05.170+0000] {processor.py:161} INFO - Started process (PID=244) to work on /opt/airflow/dags/retail_lakehouse_dag.py
[2025-05-27T17:54:05.171+0000] {processor.py:830} INFO - Processing file /opt/airflow/dags/retail_lakehouse_dag.py for tasks to queue
[2025-05-27T17:54:05.172+0000] {logging_mixin.py:188} INFO - [2025-05-27T17:54:05.172+0000] {dagbag.py:538} INFO - Filling up the DagBag from /opt/airflow/dags/retail_lakehouse_dag.py
[2025-05-27T17:54:05.190+0000] {processor.py:840} INFO - DAG(s) 'retail_lakehouse_etl' retrieved from /opt/airflow/dags/retail_lakehouse_dag.py
[2025-05-27T17:54:05.213+0000] {logging_mixin.py:188} INFO - [2025-05-27T17:54:05.213+0000] {dag.py:3036} INFO - Sync 1 DAGs
[2025-05-27T17:54:05.225+0000] {logging_mixin.py:188} INFO - [2025-05-27T17:54:05.225+0000] {dag.py:3823} INFO - Setting next_dagrun for retail_lakehouse_etl to None, run_after=None
[2025-05-27T17:54:05.249+0000] {processor.py:183} INFO - Processing /opt/airflow/dags/retail_lakehouse_dag.py took 0.082 seconds
[2025-05-27T17:54:35.579+0000] {processor.py:161} INFO - Started process (PID=249) to work on /opt/airflow/dags/retail_lakehouse_dag.py
[2025-05-27T17:54:35.580+0000] {processor.py:830} INFO - Processing file /opt/airflow/dags/retail_lakehouse_dag.py for tasks to queue
[2025-05-27T17:54:35.581+0000] {logging_mixin.py:188} INFO - [2025-05-27T17:54:35.581+0000] {dagbag.py:538} INFO - Filling up the DagBag from /opt/airflow/dags/retail_lakehouse_dag.py
[2025-05-27T17:54:35.600+0000] {processor.py:840} INFO - DAG(s) 'retail_lakehouse_etl' retrieved from /opt/airflow/dags/retail_lakehouse_dag.py
[2025-05-27T17:54:35.622+0000] {logging_mixin.py:188} INFO - [2025-05-27T17:54:35.622+0000] {dag.py:3036} INFO - Sync 1 DAGs
[2025-05-27T17:54:35.633+0000] {logging_mixin.py:188} INFO - [2025-05-27T17:54:35.633+0000] {dag.py:3823} INFO - Setting next_dagrun for retail_lakehouse_etl to None, run_after=None
[2025-05-27T17:54:35.655+0000] {processor.py:183} INFO - Processing /opt/airflow/dags/retail_lakehouse_dag.py took 0.079 seconds
[2025-05-27T17:55:06.035+0000] {processor.py:161} INFO - Started process (PID=254) to work on /opt/airflow/dags/retail_lakehouse_dag.py
[2025-05-27T17:55:06.036+0000] {processor.py:830} INFO - Processing file /opt/airflow/dags/retail_lakehouse_dag.py for tasks to queue
[2025-05-27T17:55:06.037+0000] {logging_mixin.py:188} INFO - [2025-05-27T17:55:06.037+0000] {dagbag.py:538} INFO - Filling up the DagBag from /opt/airflow/dags/retail_lakehouse_dag.py
[2025-05-27T17:55:06.054+0000] {processor.py:840} INFO - DAG(s) 'retail_lakehouse_etl' retrieved from /opt/airflow/dags/retail_lakehouse_dag.py
[2025-05-27T17:55:06.076+0000] {logging_mixin.py:188} INFO - [2025-05-27T17:55:06.076+0000] {dag.py:3036} INFO - Sync 1 DAGs
[2025-05-27T17:55:06.086+0000] {logging_mixin.py:188} INFO - [2025-05-27T17:55:06.086+0000] {dag.py:3823} INFO - Setting next_dagrun for retail_lakehouse_etl to None, run_after=None
[2025-05-27T17:55:06.107+0000] {processor.py:183} INFO - Processing /opt/airflow/dags/retail_lakehouse_dag.py took 0.074 seconds
[2025-05-27T17:55:36.438+0000] {processor.py:161} INFO - Started process (PID=259) to work on /opt/airflow/dags/retail_lakehouse_dag.py
[2025-05-27T17:55:36.439+0000] {processor.py:830} INFO - Processing file /opt/airflow/dags/retail_lakehouse_dag.py for tasks to queue
[2025-05-27T17:55:36.440+0000] {logging_mixin.py:188} INFO - [2025-05-27T17:55:36.440+0000] {dagbag.py:538} INFO - Filling up the DagBag from /opt/airflow/dags/retail_lakehouse_dag.py
[2025-05-27T17:55:36.457+0000] {processor.py:840} INFO - DAG(s) 'retail_lakehouse_etl' retrieved from /opt/airflow/dags/retail_lakehouse_dag.py
[2025-05-27T17:55:36.478+0000] {logging_mixin.py:188} INFO - [2025-05-27T17:55:36.478+0000] {dag.py:3036} INFO - Sync 1 DAGs
[2025-05-27T17:55:36.489+0000] {logging_mixin.py:188} INFO - [2025-05-27T17:55:36.488+0000] {dag.py:3823} INFO - Setting next_dagrun for retail_lakehouse_etl to None, run_after=None
[2025-05-27T17:55:36.518+0000] {processor.py:183} INFO - Processing /opt/airflow/dags/retail_lakehouse_dag.py took 0.082 seconds
[2025-05-27T17:56:06.879+0000] {processor.py:161} INFO - Started process (PID=264) to work on /opt/airflow/dags/retail_lakehouse_dag.py
[2025-05-27T17:56:06.880+0000] {processor.py:830} INFO - Processing file /opt/airflow/dags/retail_lakehouse_dag.py for tasks to queue
[2025-05-27T17:56:06.881+0000] {logging_mixin.py:188} INFO - [2025-05-27T17:56:06.880+0000] {dagbag.py:538} INFO - Filling up the DagBag from /opt/airflow/dags/retail_lakehouse_dag.py
[2025-05-27T17:56:06.899+0000] {processor.py:840} INFO - DAG(s) 'retail_lakehouse_etl' retrieved from /opt/airflow/dags/retail_lakehouse_dag.py
[2025-05-27T17:56:06.920+0000] {logging_mixin.py:188} INFO - [2025-05-27T17:56:06.920+0000] {dag.py:3036} INFO - Sync 1 DAGs
[2025-05-27T17:56:06.931+0000] {logging_mixin.py:188} INFO - [2025-05-27T17:56:06.931+0000] {dag.py:3823} INFO - Setting next_dagrun for retail_lakehouse_etl to None, run_after=None
[2025-05-27T17:56:06.953+0000] {processor.py:183} INFO - Processing /opt/airflow/dags/retail_lakehouse_dag.py took 0.077 seconds
[2025-05-27T17:56:37.258+0000] {processor.py:161} INFO - Started process (PID=269) to work on /opt/airflow/dags/retail_lakehouse_dag.py
[2025-05-27T17:56:37.259+0000] {processor.py:830} INFO - Processing file /opt/airflow/dags/retail_lakehouse_dag.py for tasks to queue
[2025-05-27T17:56:37.260+0000] {logging_mixin.py:188} INFO - [2025-05-27T17:56:37.260+0000] {dagbag.py:538} INFO - Filling up the DagBag from /opt/airflow/dags/retail_lakehouse_dag.py
[2025-05-27T17:56:37.279+0000] {processor.py:840} INFO - DAG(s) 'retail_lakehouse_etl' retrieved from /opt/airflow/dags/retail_lakehouse_dag.py
[2025-05-27T17:56:37.308+0000] {logging_mixin.py:188} INFO - [2025-05-27T17:56:37.308+0000] {dag.py:3036} INFO - Sync 1 DAGs
[2025-05-27T17:56:37.321+0000] {logging_mixin.py:188} INFO - [2025-05-27T17:56:37.321+0000] {dag.py:3823} INFO - Setting next_dagrun for retail_lakehouse_etl to None, run_after=None
[2025-05-27T17:56:37.345+0000] {processor.py:183} INFO - Processing /opt/airflow/dags/retail_lakehouse_dag.py took 0.090 seconds
[2025-05-27T17:57:07.652+0000] {processor.py:161} INFO - Started process (PID=274) to work on /opt/airflow/dags/retail_lakehouse_dag.py
[2025-05-27T17:57:07.654+0000] {processor.py:830} INFO - Processing file /opt/airflow/dags/retail_lakehouse_dag.py for tasks to queue
[2025-05-27T17:57:07.655+0000] {logging_mixin.py:188} INFO - [2025-05-27T17:57:07.655+0000] {dagbag.py:538} INFO - Filling up the DagBag from /opt/airflow/dags/retail_lakehouse_dag.py
[2025-05-27T17:57:07.676+0000] {processor.py:840} INFO - DAG(s) 'retail_lakehouse_etl' retrieved from /opt/airflow/dags/retail_lakehouse_dag.py
[2025-05-27T17:57:07.704+0000] {logging_mixin.py:188} INFO - [2025-05-27T17:57:07.703+0000] {dag.py:3036} INFO - Sync 1 DAGs
[2025-05-27T17:57:07.717+0000] {logging_mixin.py:188} INFO - [2025-05-27T17:57:07.716+0000] {dag.py:3823} INFO - Setting next_dagrun for retail_lakehouse_etl to None, run_after=None
[2025-05-27T17:57:07.737+0000] {processor.py:183} INFO - Processing /opt/airflow/dags/retail_lakehouse_dag.py took 0.088 seconds
[2025-05-27T17:57:38.100+0000] {processor.py:161} INFO - Started process (PID=279) to work on /opt/airflow/dags/retail_lakehouse_dag.py
[2025-05-27T17:57:38.101+0000] {processor.py:830} INFO - Processing file /opt/airflow/dags/retail_lakehouse_dag.py for tasks to queue
[2025-05-27T17:57:38.102+0000] {logging_mixin.py:188} INFO - [2025-05-27T17:57:38.102+0000] {dagbag.py:538} INFO - Filling up the DagBag from /opt/airflow/dags/retail_lakehouse_dag.py
[2025-05-27T17:57:38.120+0000] {processor.py:840} INFO - DAG(s) 'retail_lakehouse_etl' retrieved from /opt/airflow/dags/retail_lakehouse_dag.py
[2025-05-27T17:57:38.142+0000] {logging_mixin.py:188} INFO - [2025-05-27T17:57:38.141+0000] {dag.py:3036} INFO - Sync 1 DAGs
[2025-05-27T17:57:38.153+0000] {logging_mixin.py:188} INFO - [2025-05-27T17:57:38.152+0000] {dag.py:3823} INFO - Setting next_dagrun for retail_lakehouse_etl to None, run_after=None
[2025-05-27T17:57:38.174+0000] {processor.py:183} INFO - Processing /opt/airflow/dags/retail_lakehouse_dag.py took 0.076 seconds
[2025-05-27T18:01:42.130+0000] {processor.py:161} INFO - Started process (PID=164) to work on /opt/airflow/dags/retail_lakehouse_dag.py
[2025-05-27T18:01:42.132+0000] {processor.py:830} INFO - Processing file /opt/airflow/dags/retail_lakehouse_dag.py for tasks to queue
[2025-05-27T18:01:42.133+0000] {logging_mixin.py:188} INFO - [2025-05-27T18:01:42.133+0000] {dagbag.py:538} INFO - Filling up the DagBag from /opt/airflow/dags/retail_lakehouse_dag.py
[2025-05-27T18:01:42.188+0000] {processor.py:840} INFO - DAG(s) 'retail_lakehouse_etl' retrieved from /opt/airflow/dags/retail_lakehouse_dag.py
[2025-05-27T18:01:42.267+0000] {logging_mixin.py:188} INFO - [2025-05-27T18:01:42.266+0000] {dag.py:3036} INFO - Sync 1 DAGs
[2025-05-27T18:01:42.283+0000] {logging_mixin.py:188} INFO - [2025-05-27T18:01:42.283+0000] {dag.py:3823} INFO - Setting next_dagrun for retail_lakehouse_etl to None, run_after=None
[2025-05-27T18:01:42.314+0000] {processor.py:183} INFO - Processing /opt/airflow/dags/retail_lakehouse_dag.py took 0.188 seconds
[2025-05-27T18:02:12.544+0000] {processor.py:161} INFO - Started process (PID=169) to work on /opt/airflow/dags/retail_lakehouse_dag.py
[2025-05-27T18:02:12.547+0000] {processor.py:830} INFO - Processing file /opt/airflow/dags/retail_lakehouse_dag.py for tasks to queue
[2025-05-27T18:02:12.550+0000] {logging_mixin.py:188} INFO - [2025-05-27T18:02:12.549+0000] {dagbag.py:538} INFO - Filling up the DagBag from /opt/airflow/dags/retail_lakehouse_dag.py
[2025-05-27T18:02:12.599+0000] {processor.py:840} INFO - DAG(s) 'retail_lakehouse_etl' retrieved from /opt/airflow/dags/retail_lakehouse_dag.py
[2025-05-27T18:02:12.663+0000] {logging_mixin.py:188} INFO - [2025-05-27T18:02:12.663+0000] {dag.py:3036} INFO - Sync 1 DAGs
[2025-05-27T18:02:12.694+0000] {logging_mixin.py:188} INFO - [2025-05-27T18:02:12.693+0000] {dag.py:3823} INFO - Setting next_dagrun for retail_lakehouse_etl to None, run_after=None
[2025-05-27T18:02:12.727+0000] {processor.py:183} INFO - Processing /opt/airflow/dags/retail_lakehouse_dag.py took 0.199 seconds
[2025-05-27T18:02:43.049+0000] {processor.py:161} INFO - Started process (PID=174) to work on /opt/airflow/dags/retail_lakehouse_dag.py
[2025-05-27T18:02:43.050+0000] {processor.py:830} INFO - Processing file /opt/airflow/dags/retail_lakehouse_dag.py for tasks to queue
[2025-05-27T18:02:43.051+0000] {logging_mixin.py:188} INFO - [2025-05-27T18:02:43.051+0000] {dagbag.py:538} INFO - Filling up the DagBag from /opt/airflow/dags/retail_lakehouse_dag.py
[2025-05-27T18:02:43.090+0000] {processor.py:840} INFO - DAG(s) 'retail_lakehouse_etl' retrieved from /opt/airflow/dags/retail_lakehouse_dag.py
[2025-05-27T18:02:43.162+0000] {logging_mixin.py:188} INFO - [2025-05-27T18:02:43.161+0000] {dag.py:3036} INFO - Sync 1 DAGs
[2025-05-27T18:02:43.191+0000] {logging_mixin.py:188} INFO - [2025-05-27T18:02:43.191+0000] {dag.py:3823} INFO - Setting next_dagrun for retail_lakehouse_etl to None, run_after=None
[2025-05-27T18:02:43.221+0000] {processor.py:183} INFO - Processing /opt/airflow/dags/retail_lakehouse_dag.py took 0.178 seconds
[2025-05-27T18:03:13.446+0000] {processor.py:161} INFO - Started process (PID=181) to work on /opt/airflow/dags/retail_lakehouse_dag.py
[2025-05-27T18:03:13.447+0000] {processor.py:830} INFO - Processing file /opt/airflow/dags/retail_lakehouse_dag.py for tasks to queue
[2025-05-27T18:03:13.448+0000] {logging_mixin.py:188} INFO - [2025-05-27T18:03:13.448+0000] {dagbag.py:538} INFO - Filling up the DagBag from /opt/airflow/dags/retail_lakehouse_dag.py
[2025-05-27T18:03:13.466+0000] {processor.py:840} INFO - DAG(s) 'retail_lakehouse_etl' retrieved from /opt/airflow/dags/retail_lakehouse_dag.py
[2025-05-27T18:03:13.488+0000] {logging_mixin.py:188} INFO - [2025-05-27T18:03:13.488+0000] {dag.py:3036} INFO - Sync 1 DAGs
[2025-05-27T18:03:13.499+0000] {logging_mixin.py:188} INFO - [2025-05-27T18:03:13.499+0000] {dag.py:3823} INFO - Setting next_dagrun for retail_lakehouse_etl to None, run_after=None
[2025-05-27T18:03:13.520+0000] {processor.py:183} INFO - Processing /opt/airflow/dags/retail_lakehouse_dag.py took 0.077 seconds
[2025-05-27T18:03:43.818+0000] {processor.py:161} INFO - Started process (PID=186) to work on /opt/airflow/dags/retail_lakehouse_dag.py
[2025-05-27T18:03:43.818+0000] {processor.py:830} INFO - Processing file /opt/airflow/dags/retail_lakehouse_dag.py for tasks to queue
[2025-05-27T18:03:43.819+0000] {logging_mixin.py:188} INFO - [2025-05-27T18:03:43.819+0000] {dagbag.py:538} INFO - Filling up the DagBag from /opt/airflow/dags/retail_lakehouse_dag.py
[2025-05-27T18:03:43.838+0000] {processor.py:840} INFO - DAG(s) 'retail_lakehouse_etl' retrieved from /opt/airflow/dags/retail_lakehouse_dag.py
[2025-05-27T18:03:43.862+0000] {logging_mixin.py:188} INFO - [2025-05-27T18:03:43.862+0000] {dag.py:3036} INFO - Sync 1 DAGs
[2025-05-27T18:03:43.872+0000] {logging_mixin.py:188} INFO - [2025-05-27T18:03:43.872+0000] {dag.py:3823} INFO - Setting next_dagrun for retail_lakehouse_etl to None, run_after=None
[2025-05-27T18:03:43.894+0000] {processor.py:183} INFO - Processing /opt/airflow/dags/retail_lakehouse_dag.py took 0.080 seconds
[2025-05-27T18:04:14.251+0000] {processor.py:161} INFO - Started process (PID=191) to work on /opt/airflow/dags/retail_lakehouse_dag.py
[2025-05-27T18:04:14.252+0000] {processor.py:830} INFO - Processing file /opt/airflow/dags/retail_lakehouse_dag.py for tasks to queue
[2025-05-27T18:04:14.253+0000] {logging_mixin.py:188} INFO - [2025-05-27T18:04:14.253+0000] {dagbag.py:538} INFO - Filling up the DagBag from /opt/airflow/dags/retail_lakehouse_dag.py
[2025-05-27T18:04:14.271+0000] {processor.py:840} INFO - DAG(s) 'retail_lakehouse_etl' retrieved from /opt/airflow/dags/retail_lakehouse_dag.py
[2025-05-27T18:04:14.298+0000] {logging_mixin.py:188} INFO - [2025-05-27T18:04:14.298+0000] {dag.py:3036} INFO - Sync 1 DAGs
[2025-05-27T18:04:14.312+0000] {logging_mixin.py:188} INFO - [2025-05-27T18:04:14.312+0000] {dag.py:3823} INFO - Setting next_dagrun for retail_lakehouse_etl to None, run_after=None
[2025-05-27T18:04:14.336+0000] {processor.py:183} INFO - Processing /opt/airflow/dags/retail_lakehouse_dag.py took 0.087 seconds
[2025-05-27T18:04:44.634+0000] {processor.py:161} INFO - Started process (PID=196) to work on /opt/airflow/dags/retail_lakehouse_dag.py
[2025-05-27T18:04:44.634+0000] {processor.py:830} INFO - Processing file /opt/airflow/dags/retail_lakehouse_dag.py for tasks to queue
[2025-05-27T18:04:44.635+0000] {logging_mixin.py:188} INFO - [2025-05-27T18:04:44.635+0000] {dagbag.py:538} INFO - Filling up the DagBag from /opt/airflow/dags/retail_lakehouse_dag.py
[2025-05-27T18:04:44.652+0000] {processor.py:840} INFO - DAG(s) 'retail_lakehouse_etl' retrieved from /opt/airflow/dags/retail_lakehouse_dag.py
[2025-05-27T18:04:44.674+0000] {logging_mixin.py:188} INFO - [2025-05-27T18:04:44.674+0000] {dag.py:3036} INFO - Sync 1 DAGs
[2025-05-27T18:04:44.685+0000] {logging_mixin.py:188} INFO - [2025-05-27T18:04:44.685+0000] {dag.py:3823} INFO - Setting next_dagrun for retail_lakehouse_etl to None, run_after=None
[2025-05-27T18:04:44.705+0000] {processor.py:183} INFO - Processing /opt/airflow/dags/retail_lakehouse_dag.py took 0.074 seconds
[2025-05-27T18:05:15.004+0000] {processor.py:161} INFO - Started process (PID=201) to work on /opt/airflow/dags/retail_lakehouse_dag.py
[2025-05-27T18:05:15.005+0000] {processor.py:830} INFO - Processing file /opt/airflow/dags/retail_lakehouse_dag.py for tasks to queue
[2025-05-27T18:05:15.006+0000] {logging_mixin.py:188} INFO - [2025-05-27T18:05:15.005+0000] {dagbag.py:538} INFO - Filling up the DagBag from /opt/airflow/dags/retail_lakehouse_dag.py
[2025-05-27T18:05:15.022+0000] {processor.py:840} INFO - DAG(s) 'retail_lakehouse_etl' retrieved from /opt/airflow/dags/retail_lakehouse_dag.py
[2025-05-27T18:05:15.044+0000] {logging_mixin.py:188} INFO - [2025-05-27T18:05:15.044+0000] {dag.py:3036} INFO - Sync 1 DAGs
[2025-05-27T18:05:15.054+0000] {logging_mixin.py:188} INFO - [2025-05-27T18:05:15.054+0000] {dag.py:3823} INFO - Setting next_dagrun for retail_lakehouse_etl to None, run_after=None
[2025-05-27T18:05:15.075+0000] {processor.py:183} INFO - Processing /opt/airflow/dags/retail_lakehouse_dag.py took 0.074 seconds
[2025-05-27T18:05:45.400+0000] {processor.py:161} INFO - Started process (PID=206) to work on /opt/airflow/dags/retail_lakehouse_dag.py
[2025-05-27T18:05:45.401+0000] {processor.py:830} INFO - Processing file /opt/airflow/dags/retail_lakehouse_dag.py for tasks to queue
[2025-05-27T18:05:45.402+0000] {logging_mixin.py:188} INFO - [2025-05-27T18:05:45.401+0000] {dagbag.py:538} INFO - Filling up the DagBag from /opt/airflow/dags/retail_lakehouse_dag.py
[2025-05-27T18:05:45.420+0000] {processor.py:840} INFO - DAG(s) 'retail_lakehouse_etl' retrieved from /opt/airflow/dags/retail_lakehouse_dag.py
[2025-05-27T18:05:45.441+0000] {logging_mixin.py:188} INFO - [2025-05-27T18:05:45.441+0000] {dag.py:3036} INFO - Sync 1 DAGs
[2025-05-27T18:05:45.453+0000] {logging_mixin.py:188} INFO - [2025-05-27T18:05:45.452+0000] {dag.py:3823} INFO - Setting next_dagrun for retail_lakehouse_etl to None, run_after=None
[2025-05-27T18:05:45.474+0000] {processor.py:183} INFO - Processing /opt/airflow/dags/retail_lakehouse_dag.py took 0.077 seconds
[2025-05-27T18:06:03.630+0000] {processor.py:161} INFO - Started process (PID=211) to work on /opt/airflow/dags/retail_lakehouse_dag.py
[2025-05-27T18:06:03.631+0000] {processor.py:830} INFO - Processing file /opt/airflow/dags/retail_lakehouse_dag.py for tasks to queue
[2025-05-27T18:06:03.632+0000] {logging_mixin.py:188} INFO - [2025-05-27T18:06:03.631+0000] {dagbag.py:538} INFO - Filling up the DagBag from /opt/airflow/dags/retail_lakehouse_dag.py
[2025-05-27T18:06:03.658+0000] {processor.py:840} INFO - DAG(s) 'retail_lakehouse_etl' retrieved from /opt/airflow/dags/retail_lakehouse_dag.py
[2025-05-27T18:06:03.682+0000] {logging_mixin.py:188} INFO - [2025-05-27T18:06:03.681+0000] {dag.py:3036} INFO - Sync 1 DAGs
[2025-05-27T18:06:03.695+0000] {logging_mixin.py:188} INFO - [2025-05-27T18:06:03.694+0000] {dag.py:3823} INFO - Setting next_dagrun for retail_lakehouse_etl to None, run_after=None
[2025-05-27T18:06:03.720+0000] {processor.py:183} INFO - Processing /opt/airflow/dags/retail_lakehouse_dag.py took 0.094 seconds
[2025-05-27T18:06:04.726+0000] {processor.py:161} INFO - Started process (PID=216) to work on /opt/airflow/dags/retail_lakehouse_dag.py
[2025-05-27T18:06:04.728+0000] {processor.py:830} INFO - Processing file /opt/airflow/dags/retail_lakehouse_dag.py for tasks to queue
[2025-05-27T18:06:04.728+0000] {logging_mixin.py:188} INFO - [2025-05-27T18:06:04.728+0000] {dagbag.py:538} INFO - Filling up the DagBag from /opt/airflow/dags/retail_lakehouse_dag.py
[2025-05-27T18:06:04.757+0000] {processor.py:840} INFO - DAG(s) 'retail_lakehouse_etl' retrieved from /opt/airflow/dags/retail_lakehouse_dag.py
[2025-05-27T18:06:04.778+0000] {logging_mixin.py:188} INFO - [2025-05-27T18:06:04.778+0000] {dag.py:3036} INFO - Sync 1 DAGs
[2025-05-27T18:06:04.789+0000] {logging_mixin.py:188} INFO - [2025-05-27T18:06:04.789+0000] {dag.py:3823} INFO - Setting next_dagrun for retail_lakehouse_etl to None, run_after=None
[2025-05-27T18:06:04.816+0000] {processor.py:183} INFO - Processing /opt/airflow/dags/retail_lakehouse_dag.py took 0.093 seconds
[2025-05-27T18:06:19.970+0000] {processor.py:161} INFO - Started process (PID=221) to work on /opt/airflow/dags/retail_lakehouse_dag.py
[2025-05-27T18:06:19.971+0000] {processor.py:830} INFO - Processing file /opt/airflow/dags/retail_lakehouse_dag.py for tasks to queue
[2025-05-27T18:06:19.973+0000] {logging_mixin.py:188} INFO - [2025-05-27T18:06:19.972+0000] {dagbag.py:538} INFO - Filling up the DagBag from /opt/airflow/dags/retail_lakehouse_dag.py
[2025-05-27T18:06:20.013+0000] {processor.py:840} INFO - DAG(s) 'retail_lakehouse_etl' retrieved from /opt/airflow/dags/retail_lakehouse_dag.py
[2025-05-27T18:06:20.044+0000] {logging_mixin.py:188} INFO - [2025-05-27T18:06:20.043+0000] {dag.py:3036} INFO - Sync 1 DAGs
[2025-05-27T18:06:20.061+0000] {logging_mixin.py:188} INFO - [2025-05-27T18:06:20.061+0000] {dag.py:3823} INFO - Setting next_dagrun for retail_lakehouse_etl to None, run_after=None
[2025-05-27T18:06:20.100+0000] {processor.py:183} INFO - Processing /opt/airflow/dags/retail_lakehouse_dag.py took 0.134 seconds
[2025-05-27T18:13:39.120+0000] {processor.py:161} INFO - Started process (PID=164) to work on /opt/airflow/dags/retail_lakehouse_dag.py
[2025-05-27T18:13:39.121+0000] {processor.py:830} INFO - Processing file /opt/airflow/dags/retail_lakehouse_dag.py for tasks to queue
[2025-05-27T18:13:39.122+0000] {logging_mixin.py:188} INFO - [2025-05-27T18:13:39.122+0000] {dagbag.py:538} INFO - Filling up the DagBag from /opt/airflow/dags/retail_lakehouse_dag.py
[2025-05-27T18:13:39.179+0000] {processor.py:840} INFO - DAG(s) 'retail_lakehouse_etl' retrieved from /opt/airflow/dags/retail_lakehouse_dag.py
[2025-05-27T18:13:39.469+0000] {logging_mixin.py:188} INFO - [2025-05-27T18:13:39.468+0000] {dag.py:3036} INFO - Sync 1 DAGs
[2025-05-27T18:13:39.482+0000] {logging_mixin.py:188} INFO - [2025-05-27T18:13:39.482+0000] {dag.py:3823} INFO - Setting next_dagrun for retail_lakehouse_etl to None, run_after=None
[2025-05-27T18:13:39.510+0000] {processor.py:183} INFO - Processing /opt/airflow/dags/retail_lakehouse_dag.py took 0.395 seconds
[2025-05-27T18:14:09.863+0000] {processor.py:161} INFO - Started process (PID=171) to work on /opt/airflow/dags/retail_lakehouse_dag.py
[2025-05-27T18:14:09.865+0000] {processor.py:830} INFO - Processing file /opt/airflow/dags/retail_lakehouse_dag.py for tasks to queue
[2025-05-27T18:14:09.866+0000] {logging_mixin.py:188} INFO - [2025-05-27T18:14:09.865+0000] {dagbag.py:538} INFO - Filling up the DagBag from /opt/airflow/dags/retail_lakehouse_dag.py
[2025-05-27T18:14:09.891+0000] {processor.py:840} INFO - DAG(s) 'retail_lakehouse_etl' retrieved from /opt/airflow/dags/retail_lakehouse_dag.py
[2025-05-27T18:14:09.921+0000] {logging_mixin.py:188} INFO - [2025-05-27T18:14:09.921+0000] {dag.py:3036} INFO - Sync 1 DAGs
[2025-05-27T18:14:09.938+0000] {logging_mixin.py:188} INFO - [2025-05-27T18:14:09.938+0000] {dag.py:3823} INFO - Setting next_dagrun for retail_lakehouse_etl to None, run_after=None
[2025-05-27T18:14:09.963+0000] {processor.py:183} INFO - Processing /opt/airflow/dags/retail_lakehouse_dag.py took 0.104 seconds
[2025-05-27T18:14:40.183+0000] {processor.py:161} INFO - Started process (PID=176) to work on /opt/airflow/dags/retail_lakehouse_dag.py
[2025-05-27T18:14:40.184+0000] {processor.py:830} INFO - Processing file /opt/airflow/dags/retail_lakehouse_dag.py for tasks to queue
[2025-05-27T18:14:40.185+0000] {logging_mixin.py:188} INFO - [2025-05-27T18:14:40.185+0000] {dagbag.py:538} INFO - Filling up the DagBag from /opt/airflow/dags/retail_lakehouse_dag.py
[2025-05-27T18:14:40.204+0000] {processor.py:840} INFO - DAG(s) 'retail_lakehouse_etl' retrieved from /opt/airflow/dags/retail_lakehouse_dag.py
[2025-05-27T18:14:40.227+0000] {logging_mixin.py:188} INFO - [2025-05-27T18:14:40.227+0000] {dag.py:3036} INFO - Sync 1 DAGs
[2025-05-27T18:14:40.238+0000] {logging_mixin.py:188} INFO - [2025-05-27T18:14:40.238+0000] {dag.py:3823} INFO - Setting next_dagrun for retail_lakehouse_etl to None, run_after=None
[2025-05-27T18:14:40.262+0000] {processor.py:183} INFO - Processing /opt/airflow/dags/retail_lakehouse_dag.py took 0.082 seconds
[2025-05-27T18:15:10.564+0000] {processor.py:161} INFO - Started process (PID=183) to work on /opt/airflow/dags/retail_lakehouse_dag.py
[2025-05-27T18:15:10.564+0000] {processor.py:830} INFO - Processing file /opt/airflow/dags/retail_lakehouse_dag.py for tasks to queue
[2025-05-27T18:15:10.565+0000] {logging_mixin.py:188} INFO - [2025-05-27T18:15:10.565+0000] {dagbag.py:538} INFO - Filling up the DagBag from /opt/airflow/dags/retail_lakehouse_dag.py
[2025-05-27T18:15:10.583+0000] {processor.py:840} INFO - DAG(s) 'retail_lakehouse_etl' retrieved from /opt/airflow/dags/retail_lakehouse_dag.py
[2025-05-27T18:15:10.605+0000] {logging_mixin.py:188} INFO - [2025-05-27T18:15:10.604+0000] {dag.py:3036} INFO - Sync 1 DAGs
[2025-05-27T18:15:10.615+0000] {logging_mixin.py:188} INFO - [2025-05-27T18:15:10.615+0000] {dag.py:3823} INFO - Setting next_dagrun for retail_lakehouse_etl to None, run_after=None
[2025-05-27T18:15:10.638+0000] {processor.py:183} INFO - Processing /opt/airflow/dags/retail_lakehouse_dag.py took 0.077 seconds
[2025-05-27T18:15:40.932+0000] {processor.py:161} INFO - Started process (PID=188) to work on /opt/airflow/dags/retail_lakehouse_dag.py
[2025-05-27T18:15:40.933+0000] {processor.py:830} INFO - Processing file /opt/airflow/dags/retail_lakehouse_dag.py for tasks to queue
[2025-05-27T18:15:40.934+0000] {logging_mixin.py:188} INFO - [2025-05-27T18:15:40.934+0000] {dagbag.py:538} INFO - Filling up the DagBag from /opt/airflow/dags/retail_lakehouse_dag.py
[2025-05-27T18:15:40.951+0000] {processor.py:840} INFO - DAG(s) 'retail_lakehouse_etl' retrieved from /opt/airflow/dags/retail_lakehouse_dag.py
[2025-05-27T18:15:40.976+0000] {logging_mixin.py:188} INFO - [2025-05-27T18:15:40.976+0000] {dag.py:3036} INFO - Sync 1 DAGs
[2025-05-27T18:15:40.986+0000] {logging_mixin.py:188} INFO - [2025-05-27T18:15:40.986+0000] {dag.py:3823} INFO - Setting next_dagrun for retail_lakehouse_etl to None, run_after=None
[2025-05-27T18:15:41.013+0000] {processor.py:183} INFO - Processing /opt/airflow/dags/retail_lakehouse_dag.py took 0.084 seconds
[2025-05-27T18:16:11.348+0000] {processor.py:161} INFO - Started process (PID=193) to work on /opt/airflow/dags/retail_lakehouse_dag.py
[2025-05-27T18:16:11.349+0000] {processor.py:830} INFO - Processing file /opt/airflow/dags/retail_lakehouse_dag.py for tasks to queue
[2025-05-27T18:16:11.350+0000] {logging_mixin.py:188} INFO - [2025-05-27T18:16:11.350+0000] {dagbag.py:538} INFO - Filling up the DagBag from /opt/airflow/dags/retail_lakehouse_dag.py
[2025-05-27T18:16:11.368+0000] {processor.py:840} INFO - DAG(s) 'retail_lakehouse_etl' retrieved from /opt/airflow/dags/retail_lakehouse_dag.py
[2025-05-27T18:16:11.389+0000] {logging_mixin.py:188} INFO - [2025-05-27T18:16:11.389+0000] {dag.py:3036} INFO - Sync 1 DAGs
[2025-05-27T18:16:11.400+0000] {logging_mixin.py:188} INFO - [2025-05-27T18:16:11.400+0000] {dag.py:3823} INFO - Setting next_dagrun for retail_lakehouse_etl to None, run_after=None
[2025-05-27T18:16:11.431+0000] {processor.py:183} INFO - Processing /opt/airflow/dags/retail_lakehouse_dag.py took 0.085 seconds
[2025-05-27T18:16:41.806+0000] {processor.py:161} INFO - Started process (PID=198) to work on /opt/airflow/dags/retail_lakehouse_dag.py
[2025-05-27T18:16:41.807+0000] {processor.py:830} INFO - Processing file /opt/airflow/dags/retail_lakehouse_dag.py for tasks to queue
[2025-05-27T18:16:41.808+0000] {logging_mixin.py:188} INFO - [2025-05-27T18:16:41.808+0000] {dagbag.py:538} INFO - Filling up the DagBag from /opt/airflow/dags/retail_lakehouse_dag.py
[2025-05-27T18:16:41.825+0000] {processor.py:840} INFO - DAG(s) 'retail_lakehouse_etl' retrieved from /opt/airflow/dags/retail_lakehouse_dag.py
[2025-05-27T18:16:41.857+0000] {logging_mixin.py:188} INFO - [2025-05-27T18:16:41.857+0000] {dag.py:3036} INFO - Sync 1 DAGs
[2025-05-27T18:16:41.874+0000] {logging_mixin.py:188} INFO - [2025-05-27T18:16:41.873+0000] {dag.py:3823} INFO - Setting next_dagrun for retail_lakehouse_etl to None, run_after=None
[2025-05-27T18:16:41.895+0000] {processor.py:183} INFO - Processing /opt/airflow/dags/retail_lakehouse_dag.py took 0.092 seconds
[2025-05-27T18:17:12.193+0000] {processor.py:161} INFO - Started process (PID=203) to work on /opt/airflow/dags/retail_lakehouse_dag.py
[2025-05-27T18:17:12.193+0000] {processor.py:830} INFO - Processing file /opt/airflow/dags/retail_lakehouse_dag.py for tasks to queue
[2025-05-27T18:17:12.194+0000] {logging_mixin.py:188} INFO - [2025-05-27T18:17:12.194+0000] {dagbag.py:538} INFO - Filling up the DagBag from /opt/airflow/dags/retail_lakehouse_dag.py
[2025-05-27T18:17:12.214+0000] {processor.py:840} INFO - DAG(s) 'retail_lakehouse_etl' retrieved from /opt/airflow/dags/retail_lakehouse_dag.py
[2025-05-27T18:17:12.236+0000] {logging_mixin.py:188} INFO - [2025-05-27T18:17:12.236+0000] {dag.py:3036} INFO - Sync 1 DAGs
[2025-05-27T18:17:12.247+0000] {logging_mixin.py:188} INFO - [2025-05-27T18:17:12.247+0000] {dag.py:3823} INFO - Setting next_dagrun for retail_lakehouse_etl to None, run_after=None
[2025-05-27T18:17:12.273+0000] {processor.py:183} INFO - Processing /opt/airflow/dags/retail_lakehouse_dag.py took 0.083 seconds
[2025-05-27T18:17:42.708+0000] {processor.py:161} INFO - Started process (PID=208) to work on /opt/airflow/dags/retail_lakehouse_dag.py
[2025-05-27T18:17:42.709+0000] {processor.py:830} INFO - Processing file /opt/airflow/dags/retail_lakehouse_dag.py for tasks to queue
[2025-05-27T18:17:42.710+0000] {logging_mixin.py:188} INFO - [2025-05-27T18:17:42.710+0000] {dagbag.py:538} INFO - Filling up the DagBag from /opt/airflow/dags/retail_lakehouse_dag.py
[2025-05-27T18:17:42.730+0000] {processor.py:840} INFO - DAG(s) 'retail_lakehouse_etl' retrieved from /opt/airflow/dags/retail_lakehouse_dag.py
[2025-05-27T18:17:42.760+0000] {logging_mixin.py:188} INFO - [2025-05-27T18:17:42.760+0000] {dag.py:3036} INFO - Sync 1 DAGs
[2025-05-27T18:17:42.772+0000] {logging_mixin.py:188} INFO - [2025-05-27T18:17:42.772+0000] {dag.py:3823} INFO - Setting next_dagrun for retail_lakehouse_etl to None, run_after=None
[2025-05-27T18:17:42.789+0000] {processor.py:183} INFO - Processing /opt/airflow/dags/retail_lakehouse_dag.py took 0.085 seconds
[2025-05-27T18:18:13.083+0000] {processor.py:161} INFO - Started process (PID=213) to work on /opt/airflow/dags/retail_lakehouse_dag.py
[2025-05-27T18:18:13.083+0000] {processor.py:830} INFO - Processing file /opt/airflow/dags/retail_lakehouse_dag.py for tasks to queue
[2025-05-27T18:18:13.084+0000] {logging_mixin.py:188} INFO - [2025-05-27T18:18:13.084+0000] {dagbag.py:538} INFO - Filling up the DagBag from /opt/airflow/dags/retail_lakehouse_dag.py
[2025-05-27T18:18:13.100+0000] {processor.py:840} INFO - DAG(s) 'retail_lakehouse_etl' retrieved from /opt/airflow/dags/retail_lakehouse_dag.py
[2025-05-27T18:18:13.122+0000] {logging_mixin.py:188} INFO - [2025-05-27T18:18:13.122+0000] {dag.py:3036} INFO - Sync 1 DAGs
[2025-05-27T18:18:13.134+0000] {logging_mixin.py:188} INFO - [2025-05-27T18:18:13.133+0000] {dag.py:3823} INFO - Setting next_dagrun for retail_lakehouse_etl to None, run_after=None
[2025-05-27T18:18:13.153+0000] {processor.py:183} INFO - Processing /opt/airflow/dags/retail_lakehouse_dag.py took 0.073 seconds
[2025-05-27T18:18:43.549+0000] {processor.py:161} INFO - Started process (PID=218) to work on /opt/airflow/dags/retail_lakehouse_dag.py
[2025-05-27T18:18:43.550+0000] {processor.py:830} INFO - Processing file /opt/airflow/dags/retail_lakehouse_dag.py for tasks to queue
[2025-05-27T18:18:43.551+0000] {logging_mixin.py:188} INFO - [2025-05-27T18:18:43.551+0000] {dagbag.py:538} INFO - Filling up the DagBag from /opt/airflow/dags/retail_lakehouse_dag.py
[2025-05-27T18:18:43.567+0000] {processor.py:840} INFO - DAG(s) 'retail_lakehouse_etl' retrieved from /opt/airflow/dags/retail_lakehouse_dag.py
[2025-05-27T18:18:43.589+0000] {logging_mixin.py:188} INFO - [2025-05-27T18:18:43.588+0000] {dag.py:3036} INFO - Sync 1 DAGs
[2025-05-27T18:18:43.598+0000] {logging_mixin.py:188} INFO - [2025-05-27T18:18:43.598+0000] {dag.py:3823} INFO - Setting next_dagrun for retail_lakehouse_etl to None, run_after=None
[2025-05-27T18:18:43.620+0000] {processor.py:183} INFO - Processing /opt/airflow/dags/retail_lakehouse_dag.py took 0.073 seconds
[2025-05-27T18:19:13.920+0000] {processor.py:161} INFO - Started process (PID=223) to work on /opt/airflow/dags/retail_lakehouse_dag.py
[2025-05-27T18:19:13.922+0000] {processor.py:830} INFO - Processing file /opt/airflow/dags/retail_lakehouse_dag.py for tasks to queue
[2025-05-27T18:19:13.923+0000] {logging_mixin.py:188} INFO - [2025-05-27T18:19:13.923+0000] {dagbag.py:538} INFO - Filling up the DagBag from /opt/airflow/dags/retail_lakehouse_dag.py
[2025-05-27T18:19:13.951+0000] {processor.py:840} INFO - DAG(s) 'retail_lakehouse_etl' retrieved from /opt/airflow/dags/retail_lakehouse_dag.py
[2025-05-27T18:19:13.984+0000] {logging_mixin.py:188} INFO - [2025-05-27T18:19:13.984+0000] {dag.py:3036} INFO - Sync 1 DAGs
[2025-05-27T18:19:13.999+0000] {logging_mixin.py:188} INFO - [2025-05-27T18:19:13.999+0000] {dag.py:3823} INFO - Setting next_dagrun for retail_lakehouse_etl to None, run_after=None
[2025-05-27T18:19:14.035+0000] {processor.py:183} INFO - Processing /opt/airflow/dags/retail_lakehouse_dag.py took 0.118 seconds
[2025-05-27T18:19:44.288+0000] {processor.py:161} INFO - Started process (PID=228) to work on /opt/airflow/dags/retail_lakehouse_dag.py
[2025-05-27T18:19:44.289+0000] {processor.py:830} INFO - Processing file /opt/airflow/dags/retail_lakehouse_dag.py for tasks to queue
[2025-05-27T18:19:44.290+0000] {logging_mixin.py:188} INFO - [2025-05-27T18:19:44.290+0000] {dagbag.py:538} INFO - Filling up the DagBag from /opt/airflow/dags/retail_lakehouse_dag.py
[2025-05-27T18:19:44.313+0000] {processor.py:840} INFO - DAG(s) 'retail_lakehouse_etl' retrieved from /opt/airflow/dags/retail_lakehouse_dag.py
[2025-05-27T18:19:44.339+0000] {logging_mixin.py:188} INFO - [2025-05-27T18:19:44.339+0000] {dag.py:3036} INFO - Sync 1 DAGs
[2025-05-27T18:19:44.354+0000] {logging_mixin.py:188} INFO - [2025-05-27T18:19:44.354+0000] {dag.py:3823} INFO - Setting next_dagrun for retail_lakehouse_etl to None, run_after=None
[2025-05-27T18:19:44.374+0000] {processor.py:183} INFO - Processing /opt/airflow/dags/retail_lakehouse_dag.py took 0.090 seconds
[2025-05-27T18:20:14.751+0000] {processor.py:161} INFO - Started process (PID=235) to work on /opt/airflow/dags/retail_lakehouse_dag.py
[2025-05-27T18:20:14.752+0000] {processor.py:830} INFO - Processing file /opt/airflow/dags/retail_lakehouse_dag.py for tasks to queue
[2025-05-27T18:20:14.753+0000] {logging_mixin.py:188} INFO - [2025-05-27T18:20:14.753+0000] {dagbag.py:538} INFO - Filling up the DagBag from /opt/airflow/dags/retail_lakehouse_dag.py
[2025-05-27T18:20:14.773+0000] {processor.py:840} INFO - DAG(s) 'retail_lakehouse_etl' retrieved from /opt/airflow/dags/retail_lakehouse_dag.py
[2025-05-27T18:20:14.801+0000] {logging_mixin.py:188} INFO - [2025-05-27T18:20:14.801+0000] {dag.py:3036} INFO - Sync 1 DAGs
[2025-05-27T18:20:14.814+0000] {logging_mixin.py:188} INFO - [2025-05-27T18:20:14.813+0000] {dag.py:3823} INFO - Setting next_dagrun for retail_lakehouse_etl to None, run_after=None
[2025-05-27T18:20:14.835+0000] {processor.py:183} INFO - Processing /opt/airflow/dags/retail_lakehouse_dag.py took 0.086 seconds
[2025-05-27T18:20:18.812+0000] {processor.py:161} INFO - Started process (PID=240) to work on /opt/airflow/dags/retail_lakehouse_dag.py
[2025-05-27T18:20:18.813+0000] {processor.py:830} INFO - Processing file /opt/airflow/dags/retail_lakehouse_dag.py for tasks to queue
[2025-05-27T18:20:18.814+0000] {logging_mixin.py:188} INFO - [2025-05-27T18:20:18.814+0000] {dagbag.py:538} INFO - Filling up the DagBag from /opt/airflow/dags/retail_lakehouse_dag.py
[2025-05-27T18:20:18.843+0000] {processor.py:840} INFO - DAG(s) 'retail_lakehouse_etl' retrieved from /opt/airflow/dags/retail_lakehouse_dag.py
[2025-05-27T18:20:18.871+0000] {logging_mixin.py:188} INFO - [2025-05-27T18:20:18.871+0000] {dag.py:3036} INFO - Sync 1 DAGs
[2025-05-27T18:20:18.884+0000] {logging_mixin.py:188} INFO - [2025-05-27T18:20:18.884+0000] {dag.py:3823} INFO - Setting next_dagrun for retail_lakehouse_etl to None, run_after=None
[2025-05-27T18:20:18.912+0000] {processor.py:183} INFO - Processing /opt/airflow/dags/retail_lakehouse_dag.py took 0.103 seconds
[2025-05-27T18:20:19.923+0000] {processor.py:161} INFO - Started process (PID=245) to work on /opt/airflow/dags/retail_lakehouse_dag.py
[2025-05-27T18:20:19.925+0000] {processor.py:830} INFO - Processing file /opt/airflow/dags/retail_lakehouse_dag.py for tasks to queue
[2025-05-27T18:20:19.926+0000] {logging_mixin.py:188} INFO - [2025-05-27T18:20:19.926+0000] {dagbag.py:538} INFO - Filling up the DagBag from /opt/airflow/dags/retail_lakehouse_dag.py
[2025-05-27T18:20:19.962+0000] {processor.py:840} INFO - DAG(s) 'retail_lakehouse_etl' retrieved from /opt/airflow/dags/retail_lakehouse_dag.py
[2025-05-27T18:20:19.989+0000] {logging_mixin.py:188} INFO - [2025-05-27T18:20:19.989+0000] {dag.py:3036} INFO - Sync 1 DAGs
[2025-05-27T18:20:20.001+0000] {logging_mixin.py:188} INFO - [2025-05-27T18:20:20.001+0000] {dag.py:3823} INFO - Setting next_dagrun for retail_lakehouse_etl to None, run_after=None
[2025-05-27T18:20:20.033+0000] {processor.py:183} INFO - Processing /opt/airflow/dags/retail_lakehouse_dag.py took 0.113 seconds
[2025-05-27T18:21:14.902+0000] {processor.py:161} INFO - Started process (PID=164) to work on /opt/airflow/dags/retail_lakehouse_dag.py
[2025-05-27T18:21:14.903+0000] {processor.py:830} INFO - Processing file /opt/airflow/dags/retail_lakehouse_dag.py for tasks to queue
[2025-05-27T18:21:14.904+0000] {logging_mixin.py:188} INFO - [2025-05-27T18:21:14.904+0000] {dagbag.py:538} INFO - Filling up the DagBag from /opt/airflow/dags/retail_lakehouse_dag.py
[2025-05-27T18:21:14.938+0000] {processor.py:840} INFO - DAG(s) 'retail_lakehouse_etl' retrieved from /opt/airflow/dags/retail_lakehouse_dag.py
[2025-05-27T18:21:14.998+0000] {logging_mixin.py:188} INFO - [2025-05-27T18:21:14.998+0000] {dag.py:3036} INFO - Sync 1 DAGs
[2025-05-27T18:21:15.013+0000] {logging_mixin.py:188} INFO - [2025-05-27T18:21:15.013+0000] {dag.py:3823} INFO - Setting next_dagrun for retail_lakehouse_etl to None, run_after=None
[2025-05-27T18:21:15.040+0000] {processor.py:183} INFO - Processing /opt/airflow/dags/retail_lakehouse_dag.py took 0.142 seconds
[2025-05-27T18:21:45.291+0000] {processor.py:161} INFO - Started process (PID=169) to work on /opt/airflow/dags/retail_lakehouse_dag.py
[2025-05-27T18:21:45.292+0000] {processor.py:830} INFO - Processing file /opt/airflow/dags/retail_lakehouse_dag.py for tasks to queue
[2025-05-27T18:21:45.293+0000] {logging_mixin.py:188} INFO - [2025-05-27T18:21:45.293+0000] {dagbag.py:538} INFO - Filling up the DagBag from /opt/airflow/dags/retail_lakehouse_dag.py
[2025-05-27T18:21:45.312+0000] {processor.py:840} INFO - DAG(s) 'retail_lakehouse_etl' retrieved from /opt/airflow/dags/retail_lakehouse_dag.py
[2025-05-27T18:21:45.336+0000] {logging_mixin.py:188} INFO - [2025-05-27T18:21:45.335+0000] {dag.py:3036} INFO - Sync 1 DAGs
[2025-05-27T18:21:45.347+0000] {logging_mixin.py:188} INFO - [2025-05-27T18:21:45.347+0000] {dag.py:3823} INFO - Setting next_dagrun for retail_lakehouse_etl to None, run_after=None
[2025-05-27T18:21:45.372+0000] {processor.py:183} INFO - Processing /opt/airflow/dags/retail_lakehouse_dag.py took 0.084 seconds
[2025-05-27T18:22:15.726+0000] {processor.py:161} INFO - Started process (PID=176) to work on /opt/airflow/dags/retail_lakehouse_dag.py
[2025-05-27T18:22:15.727+0000] {processor.py:830} INFO - Processing file /opt/airflow/dags/retail_lakehouse_dag.py for tasks to queue
[2025-05-27T18:22:15.728+0000] {logging_mixin.py:188} INFO - [2025-05-27T18:22:15.728+0000] {dagbag.py:538} INFO - Filling up the DagBag from /opt/airflow/dags/retail_lakehouse_dag.py
[2025-05-27T18:22:15.745+0000] {processor.py:840} INFO - DAG(s) 'retail_lakehouse_etl' retrieved from /opt/airflow/dags/retail_lakehouse_dag.py
[2025-05-27T18:22:15.768+0000] {logging_mixin.py:188} INFO - [2025-05-27T18:22:15.768+0000] {dag.py:3036} INFO - Sync 1 DAGs
[2025-05-27T18:22:15.780+0000] {logging_mixin.py:188} INFO - [2025-05-27T18:22:15.779+0000] {dag.py:3823} INFO - Setting next_dagrun for retail_lakehouse_etl to None, run_after=None
[2025-05-27T18:22:15.802+0000] {processor.py:183} INFO - Processing /opt/airflow/dags/retail_lakehouse_dag.py took 0.078 seconds
[2025-05-27T18:22:46.146+0000] {processor.py:161} INFO - Started process (PID=181) to work on /opt/airflow/dags/retail_lakehouse_dag.py
[2025-05-27T18:22:46.147+0000] {processor.py:830} INFO - Processing file /opt/airflow/dags/retail_lakehouse_dag.py for tasks to queue
[2025-05-27T18:22:46.148+0000] {logging_mixin.py:188} INFO - [2025-05-27T18:22:46.148+0000] {dagbag.py:538} INFO - Filling up the DagBag from /opt/airflow/dags/retail_lakehouse_dag.py
[2025-05-27T18:22:46.164+0000] {processor.py:840} INFO - DAG(s) 'retail_lakehouse_etl' retrieved from /opt/airflow/dags/retail_lakehouse_dag.py
[2025-05-27T18:22:46.184+0000] {logging_mixin.py:188} INFO - [2025-05-27T18:22:46.184+0000] {dag.py:3036} INFO - Sync 1 DAGs
[2025-05-27T18:22:46.195+0000] {logging_mixin.py:188} INFO - [2025-05-27T18:22:46.195+0000] {dag.py:3823} INFO - Setting next_dagrun for retail_lakehouse_etl to None, run_after=None
[2025-05-27T18:22:46.215+0000] {processor.py:183} INFO - Processing /opt/airflow/dags/retail_lakehouse_dag.py took 0.071 seconds
[2025-05-27T18:23:16.537+0000] {processor.py:161} INFO - Started process (PID=186) to work on /opt/airflow/dags/retail_lakehouse_dag.py
[2025-05-27T18:23:16.538+0000] {processor.py:830} INFO - Processing file /opt/airflow/dags/retail_lakehouse_dag.py for tasks to queue
[2025-05-27T18:23:16.539+0000] {logging_mixin.py:188} INFO - [2025-05-27T18:23:16.539+0000] {dagbag.py:538} INFO - Filling up the DagBag from /opt/airflow/dags/retail_lakehouse_dag.py
[2025-05-27T18:23:16.557+0000] {processor.py:840} INFO - DAG(s) 'retail_lakehouse_etl' retrieved from /opt/airflow/dags/retail_lakehouse_dag.py
[2025-05-27T18:23:16.579+0000] {logging_mixin.py:188} INFO - [2025-05-27T18:23:16.579+0000] {dag.py:3036} INFO - Sync 1 DAGs
[2025-05-27T18:23:16.590+0000] {logging_mixin.py:188} INFO - [2025-05-27T18:23:16.590+0000] {dag.py:3823} INFO - Setting next_dagrun for retail_lakehouse_etl to None, run_after=None
[2025-05-27T18:23:16.618+0000] {processor.py:183} INFO - Processing /opt/airflow/dags/retail_lakehouse_dag.py took 0.083 seconds
[2025-05-27T18:23:46.924+0000] {processor.py:161} INFO - Started process (PID=191) to work on /opt/airflow/dags/retail_lakehouse_dag.py
[2025-05-27T18:23:46.925+0000] {processor.py:830} INFO - Processing file /opt/airflow/dags/retail_lakehouse_dag.py for tasks to queue
[2025-05-27T18:23:46.926+0000] {logging_mixin.py:188} INFO - [2025-05-27T18:23:46.926+0000] {dagbag.py:538} INFO - Filling up the DagBag from /opt/airflow/dags/retail_lakehouse_dag.py
[2025-05-27T18:23:46.945+0000] {processor.py:840} INFO - DAG(s) 'retail_lakehouse_etl' retrieved from /opt/airflow/dags/retail_lakehouse_dag.py
[2025-05-27T18:23:46.970+0000] {logging_mixin.py:188} INFO - [2025-05-27T18:23:46.970+0000] {dag.py:3036} INFO - Sync 1 DAGs
[2025-05-27T18:23:46.983+0000] {logging_mixin.py:188} INFO - [2025-05-27T18:23:46.983+0000] {dag.py:3823} INFO - Setting next_dagrun for retail_lakehouse_etl to None, run_after=None
[2025-05-27T18:23:47.004+0000] {processor.py:183} INFO - Processing /opt/airflow/dags/retail_lakehouse_dag.py took 0.082 seconds
[2025-05-27T18:24:17.386+0000] {processor.py:161} INFO - Started process (PID=196) to work on /opt/airflow/dags/retail_lakehouse_dag.py
[2025-05-27T18:24:17.387+0000] {processor.py:830} INFO - Processing file /opt/airflow/dags/retail_lakehouse_dag.py for tasks to queue
[2025-05-27T18:24:17.388+0000] {logging_mixin.py:188} INFO - [2025-05-27T18:24:17.388+0000] {dagbag.py:538} INFO - Filling up the DagBag from /opt/airflow/dags/retail_lakehouse_dag.py
[2025-05-27T18:24:17.407+0000] {processor.py:840} INFO - DAG(s) 'retail_lakehouse_etl' retrieved from /opt/airflow/dags/retail_lakehouse_dag.py
[2025-05-27T18:24:17.432+0000] {logging_mixin.py:188} INFO - [2025-05-27T18:24:17.432+0000] {dag.py:3036} INFO - Sync 1 DAGs
[2025-05-27T18:24:17.445+0000] {logging_mixin.py:188} INFO - [2025-05-27T18:24:17.445+0000] {dag.py:3823} INFO - Setting next_dagrun for retail_lakehouse_etl to None, run_after=None
[2025-05-27T18:24:17.466+0000] {processor.py:183} INFO - Processing /opt/airflow/dags/retail_lakehouse_dag.py took 0.084 seconds
[2025-05-27T18:24:47.788+0000] {processor.py:161} INFO - Started process (PID=201) to work on /opt/airflow/dags/retail_lakehouse_dag.py
[2025-05-27T18:24:47.789+0000] {processor.py:830} INFO - Processing file /opt/airflow/dags/retail_lakehouse_dag.py for tasks to queue
[2025-05-27T18:24:47.790+0000] {logging_mixin.py:188} INFO - [2025-05-27T18:24:47.790+0000] {dagbag.py:538} INFO - Filling up the DagBag from /opt/airflow/dags/retail_lakehouse_dag.py
[2025-05-27T18:24:47.812+0000] {processor.py:840} INFO - DAG(s) 'retail_lakehouse_etl' retrieved from /opt/airflow/dags/retail_lakehouse_dag.py
[2025-05-27T18:24:47.834+0000] {logging_mixin.py:188} INFO - [2025-05-27T18:24:47.834+0000] {dag.py:3036} INFO - Sync 1 DAGs
[2025-05-27T18:24:47.844+0000] {logging_mixin.py:188} INFO - [2025-05-27T18:24:47.844+0000] {dag.py:3823} INFO - Setting next_dagrun for retail_lakehouse_etl to None, run_after=None
[2025-05-27T18:24:47.863+0000] {processor.py:183} INFO - Processing /opt/airflow/dags/retail_lakehouse_dag.py took 0.079 seconds
[2025-05-27T18:25:18.205+0000] {processor.py:161} INFO - Started process (PID=206) to work on /opt/airflow/dags/retail_lakehouse_dag.py
[2025-05-27T18:25:18.206+0000] {processor.py:830} INFO - Processing file /opt/airflow/dags/retail_lakehouse_dag.py for tasks to queue
[2025-05-27T18:25:18.207+0000] {logging_mixin.py:188} INFO - [2025-05-27T18:25:18.207+0000] {dagbag.py:538} INFO - Filling up the DagBag from /opt/airflow/dags/retail_lakehouse_dag.py
[2025-05-27T18:25:18.229+0000] {processor.py:840} INFO - DAG(s) 'retail_lakehouse_etl' retrieved from /opt/airflow/dags/retail_lakehouse_dag.py
[2025-05-27T18:25:18.255+0000] {logging_mixin.py:188} INFO - [2025-05-27T18:25:18.255+0000] {dag.py:3036} INFO - Sync 1 DAGs
[2025-05-27T18:25:18.267+0000] {logging_mixin.py:188} INFO - [2025-05-27T18:25:18.267+0000] {dag.py:3823} INFO - Setting next_dagrun for retail_lakehouse_etl to None, run_after=None
[2025-05-27T18:25:18.290+0000] {processor.py:183} INFO - Processing /opt/airflow/dags/retail_lakehouse_dag.py took 0.088 seconds
[2025-05-27T18:25:48.684+0000] {processor.py:161} INFO - Started process (PID=211) to work on /opt/airflow/dags/retail_lakehouse_dag.py
[2025-05-27T18:25:48.685+0000] {processor.py:830} INFO - Processing file /opt/airflow/dags/retail_lakehouse_dag.py for tasks to queue
[2025-05-27T18:25:48.686+0000] {logging_mixin.py:188} INFO - [2025-05-27T18:25:48.686+0000] {dagbag.py:538} INFO - Filling up the DagBag from /opt/airflow/dags/retail_lakehouse_dag.py
[2025-05-27T18:25:48.704+0000] {processor.py:840} INFO - DAG(s) 'retail_lakehouse_etl' retrieved from /opt/airflow/dags/retail_lakehouse_dag.py
[2025-05-27T18:25:48.727+0000] {logging_mixin.py:188} INFO - [2025-05-27T18:25:48.726+0000] {dag.py:3036} INFO - Sync 1 DAGs
[2025-05-27T18:25:48.737+0000] {logging_mixin.py:188} INFO - [2025-05-27T18:25:48.737+0000] {dag.py:3823} INFO - Setting next_dagrun for retail_lakehouse_etl to None, run_after=None
[2025-05-27T18:25:48.766+0000] {processor.py:183} INFO - Processing /opt/airflow/dags/retail_lakehouse_dag.py took 0.084 seconds
[2025-05-27T18:26:19.288+0000] {processor.py:161} INFO - Started process (PID=216) to work on /opt/airflow/dags/retail_lakehouse_dag.py
[2025-05-27T18:26:19.288+0000] {processor.py:830} INFO - Processing file /opt/airflow/dags/retail_lakehouse_dag.py for tasks to queue
[2025-05-27T18:26:19.290+0000] {logging_mixin.py:188} INFO - [2025-05-27T18:26:19.289+0000] {dagbag.py:538} INFO - Filling up the DagBag from /opt/airflow/dags/retail_lakehouse_dag.py
[2025-05-27T18:26:19.312+0000] {processor.py:840} INFO - DAG(s) 'retail_lakehouse_etl' retrieved from /opt/airflow/dags/retail_lakehouse_dag.py
[2025-05-27T18:26:19.340+0000] {logging_mixin.py:188} INFO - [2025-05-27T18:26:19.340+0000] {dag.py:3036} INFO - Sync 1 DAGs
[2025-05-27T18:26:19.353+0000] {logging_mixin.py:188} INFO - [2025-05-27T18:26:19.353+0000] {dag.py:3823} INFO - Setting next_dagrun for retail_lakehouse_etl to None, run_after=None
[2025-05-27T18:26:19.373+0000] {processor.py:183} INFO - Processing /opt/airflow/dags/retail_lakehouse_dag.py took 0.089 seconds
[2025-05-27T18:26:49.633+0000] {processor.py:161} INFO - Started process (PID=221) to work on /opt/airflow/dags/retail_lakehouse_dag.py
[2025-05-27T18:26:49.634+0000] {processor.py:830} INFO - Processing file /opt/airflow/dags/retail_lakehouse_dag.py for tasks to queue
[2025-05-27T18:26:49.635+0000] {logging_mixin.py:188} INFO - [2025-05-27T18:26:49.635+0000] {dagbag.py:538} INFO - Filling up the DagBag from /opt/airflow/dags/retail_lakehouse_dag.py
[2025-05-27T18:26:49.657+0000] {processor.py:840} INFO - DAG(s) 'retail_lakehouse_etl' retrieved from /opt/airflow/dags/retail_lakehouse_dag.py
[2025-05-27T18:26:49.686+0000] {logging_mixin.py:188} INFO - [2025-05-27T18:26:49.685+0000] {dag.py:3036} INFO - Sync 1 DAGs
[2025-05-27T18:26:49.698+0000] {logging_mixin.py:188} INFO - [2025-05-27T18:26:49.698+0000] {dag.py:3823} INFO - Setting next_dagrun for retail_lakehouse_etl to None, run_after=None
[2025-05-27T18:26:49.724+0000] {processor.py:183} INFO - Processing /opt/airflow/dags/retail_lakehouse_dag.py took 0.094 seconds
[2025-05-27T18:27:20.093+0000] {processor.py:161} INFO - Started process (PID=228) to work on /opt/airflow/dags/retail_lakehouse_dag.py
[2025-05-27T18:27:20.094+0000] {processor.py:830} INFO - Processing file /opt/airflow/dags/retail_lakehouse_dag.py for tasks to queue
[2025-05-27T18:27:20.095+0000] {logging_mixin.py:188} INFO - [2025-05-27T18:27:20.095+0000] {dagbag.py:538} INFO - Filling up the DagBag from /opt/airflow/dags/retail_lakehouse_dag.py
[2025-05-27T18:27:20.113+0000] {processor.py:840} INFO - DAG(s) 'retail_lakehouse_etl' retrieved from /opt/airflow/dags/retail_lakehouse_dag.py
[2025-05-27T18:27:20.134+0000] {logging_mixin.py:188} INFO - [2025-05-27T18:27:20.134+0000] {dag.py:3036} INFO - Sync 1 DAGs
[2025-05-27T18:27:20.144+0000] {logging_mixin.py:188} INFO - [2025-05-27T18:27:20.144+0000] {dag.py:3823} INFO - Setting next_dagrun for retail_lakehouse_etl to None, run_after=None
[2025-05-27T18:27:20.169+0000] {processor.py:183} INFO - Processing /opt/airflow/dags/retail_lakehouse_dag.py took 0.079 seconds
[2025-05-27T18:27:24.159+0000] {processor.py:161} INFO - Started process (PID=233) to work on /opt/airflow/dags/retail_lakehouse_dag.py
[2025-05-27T18:27:24.160+0000] {processor.py:830} INFO - Processing file /opt/airflow/dags/retail_lakehouse_dag.py for tasks to queue
[2025-05-27T18:27:24.161+0000] {logging_mixin.py:188} INFO - [2025-05-27T18:27:24.161+0000] {dagbag.py:538} INFO - Filling up the DagBag from /opt/airflow/dags/retail_lakehouse_dag.py
[2025-05-27T18:27:24.179+0000] {logging_mixin.py:188} INFO - [2025-05-27T18:27:24.178+0000] {dagbag.py:348} ERROR - Failed to import: /opt/airflow/dags/retail_lakehouse_dag.py
Traceback (most recent call last):
  File "/home/airflow/.local/lib/python3.10/site-packages/airflow/models/dagbag.py", line 344, in parse
    loader.exec_module(new_module)
  File "<frozen importlib._bootstrap_external>", line 879, in exec_module
  File "<frozen importlib._bootstrap_external>", line 1017, in get_code
  File "<frozen importlib._bootstrap_external>", line 947, in source_to_code
  File "<frozen importlib._bootstrap>", line 241, in _call_with_frames_removed
  File "/opt/airflow/dags/retail_lakehouse_dag.py", line 57
    mounts=mounts  # <-- changed here
           ^^^
SyntaxError: invalid syntax. Perhaps you forgot a comma?
[2025-05-27T18:27:24.180+0000] {processor.py:842} WARNING - No viable dags retrieved from /opt/airflow/dags/retail_lakehouse_dag.py
[2025-05-27T18:27:24.201+0000] {processor.py:183} INFO - Processing /opt/airflow/dags/retail_lakehouse_dag.py took 0.045 seconds
[2025-05-27T18:27:25.221+0000] {processor.py:161} INFO - Started process (PID=238) to work on /opt/airflow/dags/retail_lakehouse_dag.py
[2025-05-27T18:27:25.222+0000] {processor.py:830} INFO - Processing file /opt/airflow/dags/retail_lakehouse_dag.py for tasks to queue
[2025-05-27T18:27:25.223+0000] {logging_mixin.py:188} INFO - [2025-05-27T18:27:25.223+0000] {dagbag.py:538} INFO - Filling up the DagBag from /opt/airflow/dags/retail_lakehouse_dag.py
[2025-05-27T18:27:25.238+0000] {logging_mixin.py:188} INFO - [2025-05-27T18:27:25.238+0000] {dagbag.py:348} ERROR - Failed to import: /opt/airflow/dags/retail_lakehouse_dag.py
Traceback (most recent call last):
  File "/home/airflow/.local/lib/python3.10/site-packages/airflow/models/dagbag.py", line 344, in parse
    loader.exec_module(new_module)
  File "<frozen importlib._bootstrap_external>", line 879, in exec_module
  File "<frozen importlib._bootstrap_external>", line 1017, in get_code
  File "<frozen importlib._bootstrap_external>", line 947, in source_to_code
  File "<frozen importlib._bootstrap>", line 241, in _call_with_frames_removed
  File "/opt/airflow/dags/retail_lakehouse_dag.py", line 57
    mounts=mounts  # <-- changed here
           ^^^
SyntaxError: invalid syntax. Perhaps you forgot a comma?
[2025-05-27T18:27:25.239+0000] {processor.py:842} WARNING - No viable dags retrieved from /opt/airflow/dags/retail_lakehouse_dag.py
[2025-05-27T18:27:25.259+0000] {processor.py:183} INFO - Processing /opt/airflow/dags/retail_lakehouse_dag.py took 0.041 seconds
[2025-05-27T18:27:26.288+0000] {processor.py:161} INFO - Started process (PID=243) to work on /opt/airflow/dags/retail_lakehouse_dag.py
[2025-05-27T18:27:26.289+0000] {processor.py:830} INFO - Processing file /opt/airflow/dags/retail_lakehouse_dag.py for tasks to queue
[2025-05-27T18:27:26.291+0000] {logging_mixin.py:188} INFO - [2025-05-27T18:27:26.290+0000] {dagbag.py:538} INFO - Filling up the DagBag from /opt/airflow/dags/retail_lakehouse_dag.py
[2025-05-27T18:27:26.313+0000] {logging_mixin.py:188} INFO - [2025-05-27T18:27:26.312+0000] {dagbag.py:348} ERROR - Failed to import: /opt/airflow/dags/retail_lakehouse_dag.py
Traceback (most recent call last):
  File "/home/airflow/.local/lib/python3.10/site-packages/airflow/models/dagbag.py", line 344, in parse
    loader.exec_module(new_module)
  File "<frozen importlib._bootstrap_external>", line 879, in exec_module
  File "<frozen importlib._bootstrap_external>", line 1017, in get_code
  File "<frozen importlib._bootstrap_external>", line 947, in source_to_code
  File "<frozen importlib._bootstrap>", line 241, in _call_with_frames_removed
  File "/opt/airflow/dags/retail_lakehouse_dag.py", line 57
    mounts=mounts  # <-- changed here
           ^^^
SyntaxError: invalid syntax. Perhaps you forgot a comma?
[2025-05-27T18:27:26.313+0000] {processor.py:842} WARNING - No viable dags retrieved from /opt/airflow/dags/retail_lakehouse_dag.py
[2025-05-27T18:27:26.333+0000] {processor.py:183} INFO - Processing /opt/airflow/dags/retail_lakehouse_dag.py took 0.049 seconds
[2025-05-27T18:27:27.351+0000] {processor.py:161} INFO - Started process (PID=248) to work on /opt/airflow/dags/retail_lakehouse_dag.py
[2025-05-27T18:27:27.352+0000] {processor.py:830} INFO - Processing file /opt/airflow/dags/retail_lakehouse_dag.py for tasks to queue
[2025-05-27T18:27:27.353+0000] {logging_mixin.py:188} INFO - [2025-05-27T18:27:27.353+0000] {dagbag.py:538} INFO - Filling up the DagBag from /opt/airflow/dags/retail_lakehouse_dag.py
[2025-05-27T18:27:27.369+0000] {logging_mixin.py:188} INFO - [2025-05-27T18:27:27.369+0000] {dagbag.py:348} ERROR - Failed to import: /opt/airflow/dags/retail_lakehouse_dag.py
Traceback (most recent call last):
  File "/home/airflow/.local/lib/python3.10/site-packages/airflow/models/dagbag.py", line 344, in parse
    loader.exec_module(new_module)
  File "<frozen importlib._bootstrap_external>", line 879, in exec_module
  File "<frozen importlib._bootstrap_external>", line 1017, in get_code
  File "<frozen importlib._bootstrap_external>", line 947, in source_to_code
  File "<frozen importlib._bootstrap>", line 241, in _call_with_frames_removed
  File "/opt/airflow/dags/retail_lakehouse_dag.py", line 57
    mounts=mounts  # <-- changed here
           ^^^
SyntaxError: invalid syntax. Perhaps you forgot a comma?
[2025-05-27T18:27:27.370+0000] {processor.py:842} WARNING - No viable dags retrieved from /opt/airflow/dags/retail_lakehouse_dag.py
[2025-05-27T18:27:27.395+0000] {processor.py:183} INFO - Processing /opt/airflow/dags/retail_lakehouse_dag.py took 0.047 seconds
[2025-05-27T18:27:32.465+0000] {processor.py:161} INFO - Started process (PID=253) to work on /opt/airflow/dags/retail_lakehouse_dag.py
[2025-05-27T18:27:32.466+0000] {processor.py:830} INFO - Processing file /opt/airflow/dags/retail_lakehouse_dag.py for tasks to queue
[2025-05-27T18:27:32.467+0000] {logging_mixin.py:188} INFO - [2025-05-27T18:27:32.467+0000] {dagbag.py:538} INFO - Filling up the DagBag from /opt/airflow/dags/retail_lakehouse_dag.py
[2025-05-27T18:27:32.498+0000] {logging_mixin.py:188} INFO - [2025-05-27T18:27:32.497+0000] {dagbag.py:348} ERROR - Failed to import: /opt/airflow/dags/retail_lakehouse_dag.py
Traceback (most recent call last):
  File "/home/airflow/.local/lib/python3.10/site-packages/airflow/models/dagbag.py", line 344, in parse
    loader.exec_module(new_module)
  File "<frozen importlib._bootstrap_external>", line 879, in exec_module
  File "<frozen importlib._bootstrap_external>", line 1017, in get_code
  File "<frozen importlib._bootstrap_external>", line 947, in source_to_code
  File "<frozen importlib._bootstrap>", line 241, in _call_with_frames_removed
  File "/opt/airflow/dags/retail_lakehouse_dag.py", line 72
    mounts=mounts  # <-- changed here
           ^^^
SyntaxError: invalid syntax. Perhaps you forgot a comma?
[2025-05-27T18:27:32.498+0000] {processor.py:842} WARNING - No viable dags retrieved from /opt/airflow/dags/retail_lakehouse_dag.py
[2025-05-27T18:27:32.529+0000] {processor.py:183} INFO - Processing /opt/airflow/dags/retail_lakehouse_dag.py took 0.068 seconds
[2025-05-27T18:27:33.507+0000] {processor.py:161} INFO - Started process (PID=258) to work on /opt/airflow/dags/retail_lakehouse_dag.py
[2025-05-27T18:27:33.508+0000] {processor.py:830} INFO - Processing file /opt/airflow/dags/retail_lakehouse_dag.py for tasks to queue
[2025-05-27T18:27:33.509+0000] {logging_mixin.py:188} INFO - [2025-05-27T18:27:33.509+0000] {dagbag.py:538} INFO - Filling up the DagBag from /opt/airflow/dags/retail_lakehouse_dag.py
[2025-05-27T18:27:33.523+0000] {logging_mixin.py:188} INFO - [2025-05-27T18:27:33.522+0000] {dagbag.py:348} ERROR - Failed to import: /opt/airflow/dags/retail_lakehouse_dag.py
Traceback (most recent call last):
  File "/home/airflow/.local/lib/python3.10/site-packages/airflow/models/dagbag.py", line 344, in parse
    loader.exec_module(new_module)
  File "<frozen importlib._bootstrap_external>", line 879, in exec_module
  File "<frozen importlib._bootstrap_external>", line 1017, in get_code
  File "<frozen importlib._bootstrap_external>", line 947, in source_to_code
  File "<frozen importlib._bootstrap>", line 241, in _call_with_frames_removed
  File "/opt/airflow/dags/retail_lakehouse_dag.py", line 72
    mounts=mounts  # <-- changed here
           ^^^
SyntaxError: invalid syntax. Perhaps you forgot a comma?
[2025-05-27T18:27:33.523+0000] {processor.py:842} WARNING - No viable dags retrieved from /opt/airflow/dags/retail_lakehouse_dag.py
[2025-05-27T18:27:33.540+0000] {processor.py:183} INFO - Processing /opt/airflow/dags/retail_lakehouse_dag.py took 0.036 seconds
[2025-05-27T18:27:39.596+0000] {processor.py:161} INFO - Started process (PID=263) to work on /opt/airflow/dags/retail_lakehouse_dag.py
[2025-05-27T18:27:39.597+0000] {processor.py:830} INFO - Processing file /opt/airflow/dags/retail_lakehouse_dag.py for tasks to queue
[2025-05-27T18:27:39.599+0000] {logging_mixin.py:188} INFO - [2025-05-27T18:27:39.598+0000] {dagbag.py:538} INFO - Filling up the DagBag from /opt/airflow/dags/retail_lakehouse_dag.py
[2025-05-27T18:27:39.624+0000] {logging_mixin.py:188} INFO - [2025-05-27T18:27:39.623+0000] {dagbag.py:348} ERROR - Failed to import: /opt/airflow/dags/retail_lakehouse_dag.py
Traceback (most recent call last):
  File "/home/airflow/.local/lib/python3.10/site-packages/airflow/models/dagbag.py", line 344, in parse
    loader.exec_module(new_module)
  File "<frozen importlib._bootstrap_external>", line 879, in exec_module
  File "<frozen importlib._bootstrap_external>", line 1017, in get_code
  File "<frozen importlib._bootstrap_external>", line 947, in source_to_code
  File "<frozen importlib._bootstrap>", line 241, in _call_with_frames_removed
  File "/opt/airflow/dags/retail_lakehouse_dag.py", line 72
    mounts=mounts  # <-- changed here
           ^^^
SyntaxError: invalid syntax. Perhaps you forgot a comma?
[2025-05-27T18:27:39.624+0000] {processor.py:842} WARNING - No viable dags retrieved from /opt/airflow/dags/retail_lakehouse_dag.py
[2025-05-27T18:27:39.643+0000] {processor.py:183} INFO - Processing /opt/airflow/dags/retail_lakehouse_dag.py took 0.051 seconds
[2025-05-27T18:27:40.672+0000] {processor.py:161} INFO - Started process (PID=268) to work on /opt/airflow/dags/retail_lakehouse_dag.py
[2025-05-27T18:27:40.673+0000] {processor.py:830} INFO - Processing file /opt/airflow/dags/retail_lakehouse_dag.py for tasks to queue
[2025-05-27T18:27:40.674+0000] {logging_mixin.py:188} INFO - [2025-05-27T18:27:40.674+0000] {dagbag.py:538} INFO - Filling up the DagBag from /opt/airflow/dags/retail_lakehouse_dag.py
[2025-05-27T18:27:40.688+0000] {logging_mixin.py:188} INFO - [2025-05-27T18:27:40.688+0000] {dagbag.py:348} ERROR - Failed to import: /opt/airflow/dags/retail_lakehouse_dag.py
Traceback (most recent call last):
  File "/home/airflow/.local/lib/python3.10/site-packages/airflow/models/dagbag.py", line 344, in parse
    loader.exec_module(new_module)
  File "<frozen importlib._bootstrap_external>", line 879, in exec_module
  File "<frozen importlib._bootstrap_external>", line 1017, in get_code
  File "<frozen importlib._bootstrap_external>", line 947, in source_to_code
  File "<frozen importlib._bootstrap>", line 241, in _call_with_frames_removed
  File "/opt/airflow/dags/retail_lakehouse_dag.py", line 72
    mounts=mounts  # <-- changed here
           ^^^
SyntaxError: invalid syntax. Perhaps you forgot a comma?
[2025-05-27T18:27:40.689+0000] {processor.py:842} WARNING - No viable dags retrieved from /opt/airflow/dags/retail_lakehouse_dag.py
[2025-05-27T18:27:40.714+0000] {processor.py:183} INFO - Processing /opt/airflow/dags/retail_lakehouse_dag.py took 0.044 seconds
[2025-05-27T18:27:48.798+0000] {processor.py:161} INFO - Started process (PID=273) to work on /opt/airflow/dags/retail_lakehouse_dag.py
[2025-05-27T18:27:48.799+0000] {processor.py:830} INFO - Processing file /opt/airflow/dags/retail_lakehouse_dag.py for tasks to queue
[2025-05-27T18:27:48.800+0000] {logging_mixin.py:188} INFO - [2025-05-27T18:27:48.799+0000] {dagbag.py:538} INFO - Filling up the DagBag from /opt/airflow/dags/retail_lakehouse_dag.py
[2025-05-27T18:27:48.832+0000] {processor.py:840} INFO - DAG(s) 'retail_lakehouse_etl' retrieved from /opt/airflow/dags/retail_lakehouse_dag.py
[2025-05-27T18:27:48.852+0000] {logging_mixin.py:188} INFO - [2025-05-27T18:27:48.852+0000] {dag.py:3036} INFO - Sync 1 DAGs
[2025-05-27T18:27:48.862+0000] {logging_mixin.py:188} INFO - [2025-05-27T18:27:48.862+0000] {dag.py:3823} INFO - Setting next_dagrun for retail_lakehouse_etl to None, run_after=None
[2025-05-27T18:27:48.894+0000] {processor.py:183} INFO - Processing /opt/airflow/dags/retail_lakehouse_dag.py took 0.099 seconds
[2025-05-27T18:27:49.838+0000] {processor.py:161} INFO - Started process (PID=278) to work on /opt/airflow/dags/retail_lakehouse_dag.py
[2025-05-27T18:27:49.839+0000] {processor.py:830} INFO - Processing file /opt/airflow/dags/retail_lakehouse_dag.py for tasks to queue
[2025-05-27T18:27:49.840+0000] {logging_mixin.py:188} INFO - [2025-05-27T18:27:49.840+0000] {dagbag.py:538} INFO - Filling up the DagBag from /opt/airflow/dags/retail_lakehouse_dag.py
[2025-05-27T18:27:49.881+0000] {processor.py:840} INFO - DAG(s) 'retail_lakehouse_etl' retrieved from /opt/airflow/dags/retail_lakehouse_dag.py
[2025-05-27T18:27:49.906+0000] {logging_mixin.py:188} INFO - [2025-05-27T18:27:49.905+0000] {dag.py:3036} INFO - Sync 1 DAGs
[2025-05-27T18:27:49.920+0000] {logging_mixin.py:188} INFO - [2025-05-27T18:27:49.920+0000] {dag.py:3823} INFO - Setting next_dagrun for retail_lakehouse_etl to None, run_after=None
[2025-05-27T18:27:49.949+0000] {processor.py:183} INFO - Processing /opt/airflow/dags/retail_lakehouse_dag.py took 0.114 seconds
[2025-05-27T18:27:50.965+0000] {processor.py:161} INFO - Started process (PID=283) to work on /opt/airflow/dags/retail_lakehouse_dag.py
[2025-05-27T18:27:50.966+0000] {processor.py:830} INFO - Processing file /opt/airflow/dags/retail_lakehouse_dag.py for tasks to queue
[2025-05-27T18:27:50.966+0000] {logging_mixin.py:188} INFO - [2025-05-27T18:27:50.966+0000] {dagbag.py:538} INFO - Filling up the DagBag from /opt/airflow/dags/retail_lakehouse_dag.py
[2025-05-27T18:27:50.990+0000] {processor.py:840} INFO - DAG(s) 'retail_lakehouse_etl' retrieved from /opt/airflow/dags/retail_lakehouse_dag.py
[2025-05-27T18:27:51.009+0000] {logging_mixin.py:188} INFO - [2025-05-27T18:27:51.009+0000] {dag.py:3036} INFO - Sync 1 DAGs
[2025-05-27T18:27:51.019+0000] {logging_mixin.py:188} INFO - [2025-05-27T18:27:51.019+0000] {dag.py:3823} INFO - Setting next_dagrun for retail_lakehouse_etl to None, run_after=None
[2025-05-27T18:27:51.047+0000] {processor.py:183} INFO - Processing /opt/airflow/dags/retail_lakehouse_dag.py took 0.085 seconds
[2025-05-27T18:29:51.728+0000] {processor.py:161} INFO - Started process (PID=163) to work on /opt/airflow/dags/retail_lakehouse_dag.py
[2025-05-27T18:29:51.729+0000] {processor.py:830} INFO - Processing file /opt/airflow/dags/retail_lakehouse_dag.py for tasks to queue
[2025-05-27T18:29:51.730+0000] {logging_mixin.py:188} INFO - [2025-05-27T18:29:51.730+0000] {dagbag.py:538} INFO - Filling up the DagBag from /opt/airflow/dags/retail_lakehouse_dag.py
[2025-05-27T18:29:51.750+0000] {processor.py:840} INFO - DAG(s) 'retail_lakehouse_etl' retrieved from /opt/airflow/dags/retail_lakehouse_dag.py
[2025-05-27T18:29:51.786+0000] {logging_mixin.py:188} INFO - [2025-05-27T18:29:51.786+0000] {dag.py:3036} INFO - Sync 1 DAGs
[2025-05-27T18:29:51.797+0000] {logging_mixin.py:188} INFO - [2025-05-27T18:29:51.796+0000] {dag.py:3823} INFO - Setting next_dagrun for retail_lakehouse_etl to None, run_after=None
[2025-05-27T18:29:51.819+0000] {processor.py:183} INFO - Processing /opt/airflow/dags/retail_lakehouse_dag.py took 0.093 seconds
[2025-05-27T18:30:22.112+0000] {processor.py:161} INFO - Started process (PID=168) to work on /opt/airflow/dags/retail_lakehouse_dag.py
[2025-05-27T18:30:22.113+0000] {processor.py:830} INFO - Processing file /opt/airflow/dags/retail_lakehouse_dag.py for tasks to queue
[2025-05-27T18:30:22.114+0000] {logging_mixin.py:188} INFO - [2025-05-27T18:30:22.114+0000] {dagbag.py:538} INFO - Filling up the DagBag from /opt/airflow/dags/retail_lakehouse_dag.py
[2025-05-27T18:30:22.136+0000] {processor.py:840} INFO - DAG(s) 'retail_lakehouse_etl' retrieved from /opt/airflow/dags/retail_lakehouse_dag.py
[2025-05-27T18:30:22.159+0000] {logging_mixin.py:188} INFO - [2025-05-27T18:30:22.159+0000] {dag.py:3036} INFO - Sync 1 DAGs
[2025-05-27T18:30:22.174+0000] {logging_mixin.py:188} INFO - [2025-05-27T18:30:22.174+0000] {dag.py:3823} INFO - Setting next_dagrun for retail_lakehouse_etl to None, run_after=None
[2025-05-27T18:30:22.198+0000] {processor.py:183} INFO - Processing /opt/airflow/dags/retail_lakehouse_dag.py took 0.090 seconds
[2025-05-27T18:30:52.532+0000] {processor.py:161} INFO - Started process (PID=175) to work on /opt/airflow/dags/retail_lakehouse_dag.py
[2025-05-27T18:30:52.533+0000] {processor.py:830} INFO - Processing file /opt/airflow/dags/retail_lakehouse_dag.py for tasks to queue
[2025-05-27T18:30:52.535+0000] {logging_mixin.py:188} INFO - [2025-05-27T18:30:52.534+0000] {dagbag.py:538} INFO - Filling up the DagBag from /opt/airflow/dags/retail_lakehouse_dag.py
[2025-05-27T18:30:52.558+0000] {processor.py:840} INFO - DAG(s) 'retail_lakehouse_etl' retrieved from /opt/airflow/dags/retail_lakehouse_dag.py
[2025-05-27T18:30:52.585+0000] {logging_mixin.py:188} INFO - [2025-05-27T18:30:52.585+0000] {dag.py:3036} INFO - Sync 1 DAGs
[2025-05-27T18:30:52.602+0000] {logging_mixin.py:188} INFO - [2025-05-27T18:30:52.601+0000] {dag.py:3823} INFO - Setting next_dagrun for retail_lakehouse_etl to None, run_after=None
[2025-05-27T18:30:52.627+0000] {processor.py:183} INFO - Processing /opt/airflow/dags/retail_lakehouse_dag.py took 0.097 seconds
[2025-05-27T18:31:22.993+0000] {processor.py:161} INFO - Started process (PID=180) to work on /opt/airflow/dags/retail_lakehouse_dag.py
[2025-05-27T18:31:22.995+0000] {processor.py:830} INFO - Processing file /opt/airflow/dags/retail_lakehouse_dag.py for tasks to queue
[2025-05-27T18:31:22.996+0000] {logging_mixin.py:188} INFO - [2025-05-27T18:31:22.996+0000] {dagbag.py:538} INFO - Filling up the DagBag from /opt/airflow/dags/retail_lakehouse_dag.py
[2025-05-27T18:31:23.025+0000] {processor.py:840} INFO - DAG(s) 'retail_lakehouse_etl' retrieved from /opt/airflow/dags/retail_lakehouse_dag.py
[2025-05-27T18:31:23.055+0000] {logging_mixin.py:188} INFO - [2025-05-27T18:31:23.054+0000] {dag.py:3036} INFO - Sync 1 DAGs
[2025-05-27T18:31:23.077+0000] {logging_mixin.py:188} INFO - [2025-05-27T18:31:23.077+0000] {dag.py:3823} INFO - Setting next_dagrun for retail_lakehouse_etl to None, run_after=None
[2025-05-27T18:31:23.106+0000] {processor.py:183} INFO - Processing /opt/airflow/dags/retail_lakehouse_dag.py took 0.117 seconds
[2025-05-27T18:31:53.349+0000] {processor.py:161} INFO - Started process (PID=185) to work on /opt/airflow/dags/retail_lakehouse_dag.py
[2025-05-27T18:31:53.350+0000] {processor.py:830} INFO - Processing file /opt/airflow/dags/retail_lakehouse_dag.py for tasks to queue
[2025-05-27T18:31:53.351+0000] {logging_mixin.py:188} INFO - [2025-05-27T18:31:53.351+0000] {dagbag.py:538} INFO - Filling up the DagBag from /opt/airflow/dags/retail_lakehouse_dag.py
[2025-05-27T18:31:53.372+0000] {processor.py:840} INFO - DAG(s) 'retail_lakehouse_etl' retrieved from /opt/airflow/dags/retail_lakehouse_dag.py
[2025-05-27T18:31:53.384+0000] {logging_mixin.py:188} INFO - [2025-05-27T18:31:53.384+0000] {dag.py:3036} INFO - Sync 1 DAGs
[2025-05-27T18:31:53.395+0000] {logging_mixin.py:188} INFO - [2025-05-27T18:31:53.395+0000] {dag.py:3823} INFO - Setting next_dagrun for retail_lakehouse_etl to None, run_after=None
[2025-05-27T18:31:53.416+0000] {processor.py:183} INFO - Processing /opt/airflow/dags/retail_lakehouse_dag.py took 0.083 seconds
[2025-05-27T18:32:23.696+0000] {processor.py:161} INFO - Started process (PID=190) to work on /opt/airflow/dags/retail_lakehouse_dag.py
[2025-05-27T18:32:23.704+0000] {processor.py:830} INFO - Processing file /opt/airflow/dags/retail_lakehouse_dag.py for tasks to queue
[2025-05-27T18:32:23.706+0000] {logging_mixin.py:188} INFO - [2025-05-27T18:32:23.705+0000] {dagbag.py:538} INFO - Filling up the DagBag from /opt/airflow/dags/retail_lakehouse_dag.py
[2025-05-27T18:32:23.727+0000] {processor.py:840} INFO - DAG(s) 'retail_lakehouse_etl' retrieved from /opt/airflow/dags/retail_lakehouse_dag.py
[2025-05-27T18:32:23.753+0000] {logging_mixin.py:188} INFO - [2025-05-27T18:32:23.753+0000] {dag.py:3036} INFO - Sync 1 DAGs
[2025-05-27T18:32:23.768+0000] {logging_mixin.py:188} INFO - [2025-05-27T18:32:23.768+0000] {dag.py:3823} INFO - Setting next_dagrun for retail_lakehouse_etl to None, run_after=None
[2025-05-27T18:32:23.792+0000] {processor.py:183} INFO - Processing /opt/airflow/dags/retail_lakehouse_dag.py took 0.099 seconds
[2025-05-27T18:32:54.186+0000] {processor.py:161} INFO - Started process (PID=195) to work on /opt/airflow/dags/retail_lakehouse_dag.py
[2025-05-27T18:32:54.187+0000] {processor.py:830} INFO - Processing file /opt/airflow/dags/retail_lakehouse_dag.py for tasks to queue
[2025-05-27T18:32:54.188+0000] {logging_mixin.py:188} INFO - [2025-05-27T18:32:54.188+0000] {dagbag.py:538} INFO - Filling up the DagBag from /opt/airflow/dags/retail_lakehouse_dag.py
[2025-05-27T18:32:54.210+0000] {processor.py:840} INFO - DAG(s) 'retail_lakehouse_etl' retrieved from /opt/airflow/dags/retail_lakehouse_dag.py
[2025-05-27T18:32:54.236+0000] {logging_mixin.py:188} INFO - [2025-05-27T18:32:54.236+0000] {dag.py:3036} INFO - Sync 1 DAGs
[2025-05-27T18:32:54.248+0000] {logging_mixin.py:188} INFO - [2025-05-27T18:32:54.247+0000] {dag.py:3823} INFO - Setting next_dagrun for retail_lakehouse_etl to None, run_after=None
[2025-05-27T18:32:54.274+0000] {processor.py:183} INFO - Processing /opt/airflow/dags/retail_lakehouse_dag.py took 0.091 seconds
[2025-05-27T18:33:24.542+0000] {processor.py:161} INFO - Started process (PID=200) to work on /opt/airflow/dags/retail_lakehouse_dag.py
[2025-05-27T18:33:24.544+0000] {processor.py:830} INFO - Processing file /opt/airflow/dags/retail_lakehouse_dag.py for tasks to queue
[2025-05-27T18:33:24.545+0000] {logging_mixin.py:188} INFO - [2025-05-27T18:33:24.545+0000] {dagbag.py:538} INFO - Filling up the DagBag from /opt/airflow/dags/retail_lakehouse_dag.py
[2025-05-27T18:33:24.572+0000] {processor.py:840} INFO - DAG(s) 'retail_lakehouse_etl' retrieved from /opt/airflow/dags/retail_lakehouse_dag.py
[2025-05-27T18:33:24.594+0000] {logging_mixin.py:188} INFO - [2025-05-27T18:33:24.594+0000] {dag.py:3036} INFO - Sync 1 DAGs
[2025-05-27T18:33:24.605+0000] {logging_mixin.py:188} INFO - [2025-05-27T18:33:24.605+0000] {dag.py:3823} INFO - Setting next_dagrun for retail_lakehouse_etl to None, run_after=None
[2025-05-27T18:33:24.625+0000] {processor.py:183} INFO - Processing /opt/airflow/dags/retail_lakehouse_dag.py took 0.087 seconds
[2025-05-27T18:33:43.865+0000] {processor.py:161} INFO - Started process (PID=205) to work on /opt/airflow/dags/retail_lakehouse_dag.py
[2025-05-27T18:33:43.869+0000] {processor.py:830} INFO - Processing file /opt/airflow/dags/retail_lakehouse_dag.py for tasks to queue
[2025-05-27T18:33:43.874+0000] {logging_mixin.py:188} INFO - [2025-05-27T18:33:43.873+0000] {dagbag.py:538} INFO - Filling up the DagBag from /opt/airflow/dags/retail_lakehouse_dag.py
[2025-05-27T18:33:43.952+0000] {logging_mixin.py:188} INFO - [2025-05-27T18:33:43.951+0000] {dagbag.py:348} ERROR - Failed to import: /opt/airflow/dags/retail_lakehouse_dag.py
Traceback (most recent call last):
  File "/home/airflow/.local/lib/python3.10/site-packages/airflow/models/dagbag.py", line 344, in parse
    loader.exec_module(new_module)
  File "<frozen importlib._bootstrap_external>", line 879, in exec_module
  File "<frozen importlib._bootstrap_external>", line 1017, in get_code
  File "<frozen importlib._bootstrap_external>", line 947, in source_to_code
  File "<frozen importlib._bootstrap>", line 241, in _call_with_frames_removed
  File "/opt/airflow/dags/retail_lakehouse_dag.py", line 50
    tty=True
        ^^^^^^^^^^
SyntaxError: invalid syntax. Perhaps you forgot a comma?
[2025-05-27T18:33:43.954+0000] {processor.py:842} WARNING - No viable dags retrieved from /opt/airflow/dags/retail_lakehouse_dag.py
[2025-05-27T18:33:43.976+0000] {processor.py:183} INFO - Processing /opt/airflow/dags/retail_lakehouse_dag.py took 0.116 seconds
[2025-05-27T18:34:06.109+0000] {processor.py:161} INFO - Started process (PID=210) to work on /opt/airflow/dags/retail_lakehouse_dag.py
[2025-05-27T18:34:06.111+0000] {processor.py:830} INFO - Processing file /opt/airflow/dags/retail_lakehouse_dag.py for tasks to queue
[2025-05-27T18:34:06.112+0000] {logging_mixin.py:188} INFO - [2025-05-27T18:34:06.111+0000] {dagbag.py:538} INFO - Filling up the DagBag from /opt/airflow/dags/retail_lakehouse_dag.py
[2025-05-27T18:34:06.131+0000] {logging_mixin.py:188} INFO - [2025-05-27T18:34:06.131+0000] {dagbag.py:348} ERROR - Failed to import: /opt/airflow/dags/retail_lakehouse_dag.py
Traceback (most recent call last):
  File "/home/airflow/.local/lib/python3.10/site-packages/airflow/models/dagbag.py", line 344, in parse
    loader.exec_module(new_module)
  File "<frozen importlib._bootstrap_external>", line 879, in exec_module
  File "<frozen importlib._bootstrap_external>", line 1017, in get_code
  File "<frozen importlib._bootstrap_external>", line 947, in source_to_code
  File "<frozen importlib._bootstrap>", line 241, in _call_with_frames_removed
  File "/opt/airflow/dags/retail_lakehouse_dag.py", line 49
    auto_remove=True,
    ^^^^^^^^^^^^^^^^
SyntaxError: keyword argument repeated: auto_remove
[2025-05-27T18:34:06.132+0000] {processor.py:842} WARNING - No viable dags retrieved from /opt/airflow/dags/retail_lakehouse_dag.py
[2025-05-27T18:34:06.151+0000] {processor.py:183} INFO - Processing /opt/airflow/dags/retail_lakehouse_dag.py took 0.045 seconds
[2025-05-27T18:34:07.155+0000] {processor.py:161} INFO - Started process (PID=215) to work on /opt/airflow/dags/retail_lakehouse_dag.py
[2025-05-27T18:34:07.156+0000] {processor.py:830} INFO - Processing file /opt/airflow/dags/retail_lakehouse_dag.py for tasks to queue
[2025-05-27T18:34:07.157+0000] {logging_mixin.py:188} INFO - [2025-05-27T18:34:07.157+0000] {dagbag.py:538} INFO - Filling up the DagBag from /opt/airflow/dags/retail_lakehouse_dag.py
[2025-05-27T18:34:07.173+0000] {logging_mixin.py:188} INFO - [2025-05-27T18:34:07.172+0000] {dagbag.py:348} ERROR - Failed to import: /opt/airflow/dags/retail_lakehouse_dag.py
Traceback (most recent call last):
  File "/home/airflow/.local/lib/python3.10/site-packages/airflow/models/dagbag.py", line 344, in parse
    loader.exec_module(new_module)
  File "<frozen importlib._bootstrap_external>", line 879, in exec_module
  File "<frozen importlib._bootstrap_external>", line 1017, in get_code
  File "<frozen importlib._bootstrap_external>", line 947, in source_to_code
  File "<frozen importlib._bootstrap>", line 241, in _call_with_frames_removed
  File "/opt/airflow/dags/retail_lakehouse_dag.py", line 49
    auto_remove=True,
    ^^^^^^^^^^^^^^^^
SyntaxError: keyword argument repeated: auto_remove
[2025-05-27T18:34:07.173+0000] {processor.py:842} WARNING - No viable dags retrieved from /opt/airflow/dags/retail_lakehouse_dag.py
[2025-05-27T18:34:07.191+0000] {processor.py:183} INFO - Processing /opt/airflow/dags/retail_lakehouse_dag.py took 0.039 seconds
[2025-05-27T18:34:08.210+0000] {processor.py:161} INFO - Started process (PID=220) to work on /opt/airflow/dags/retail_lakehouse_dag.py
[2025-05-27T18:34:08.211+0000] {processor.py:830} INFO - Processing file /opt/airflow/dags/retail_lakehouse_dag.py for tasks to queue
[2025-05-27T18:34:08.212+0000] {logging_mixin.py:188} INFO - [2025-05-27T18:34:08.211+0000] {dagbag.py:538} INFO - Filling up the DagBag from /opt/airflow/dags/retail_lakehouse_dag.py
[2025-05-27T18:34:08.231+0000] {logging_mixin.py:188} INFO - [2025-05-27T18:34:08.231+0000] {dagbag.py:348} ERROR - Failed to import: /opt/airflow/dags/retail_lakehouse_dag.py
Traceback (most recent call last):
  File "/home/airflow/.local/lib/python3.10/site-packages/airflow/models/dagbag.py", line 344, in parse
    loader.exec_module(new_module)
  File "<frozen importlib._bootstrap_external>", line 879, in exec_module
  File "<frozen importlib._bootstrap_external>", line 1017, in get_code
  File "<frozen importlib._bootstrap_external>", line 947, in source_to_code
  File "<frozen importlib._bootstrap>", line 241, in _call_with_frames_removed
  File "/opt/airflow/dags/retail_lakehouse_dag.py", line 49
    auto_remove=True,
    ^^^^^^^^^^^^^^^^
SyntaxError: keyword argument repeated: auto_remove
[2025-05-27T18:34:08.232+0000] {processor.py:842} WARNING - No viable dags retrieved from /opt/airflow/dags/retail_lakehouse_dag.py
[2025-05-27T18:34:08.250+0000] {processor.py:183} INFO - Processing /opt/airflow/dags/retail_lakehouse_dag.py took 0.043 seconds
[2025-05-27T18:34:09.274+0000] {processor.py:161} INFO - Started process (PID=225) to work on /opt/airflow/dags/retail_lakehouse_dag.py
[2025-05-27T18:34:09.275+0000] {processor.py:830} INFO - Processing file /opt/airflow/dags/retail_lakehouse_dag.py for tasks to queue
[2025-05-27T18:34:09.276+0000] {logging_mixin.py:188} INFO - [2025-05-27T18:34:09.276+0000] {dagbag.py:538} INFO - Filling up the DagBag from /opt/airflow/dags/retail_lakehouse_dag.py
[2025-05-27T18:34:09.291+0000] {logging_mixin.py:188} INFO - [2025-05-27T18:34:09.290+0000] {dagbag.py:348} ERROR - Failed to import: /opt/airflow/dags/retail_lakehouse_dag.py
Traceback (most recent call last):
  File "/home/airflow/.local/lib/python3.10/site-packages/airflow/models/dagbag.py", line 344, in parse
    loader.exec_module(new_module)
  File "<frozen importlib._bootstrap_external>", line 879, in exec_module
  File "<frozen importlib._bootstrap_external>", line 1017, in get_code
  File "<frozen importlib._bootstrap_external>", line 947, in source_to_code
  File "<frozen importlib._bootstrap>", line 241, in _call_with_frames_removed
  File "/opt/airflow/dags/retail_lakehouse_dag.py", line 49
    auto_remove=True,
    ^^^^^^^^^^^^^^^^
SyntaxError: keyword argument repeated: auto_remove
[2025-05-27T18:34:09.291+0000] {processor.py:842} WARNING - No viable dags retrieved from /opt/airflow/dags/retail_lakehouse_dag.py
[2025-05-27T18:34:09.308+0000] {processor.py:183} INFO - Processing /opt/airflow/dags/retail_lakehouse_dag.py took 0.036 seconds
[2025-05-27T18:34:38.711+0000] {processor.py:161} INFO - Started process (PID=230) to work on /opt/airflow/dags/retail_lakehouse_dag.py
[2025-05-27T18:34:38.712+0000] {processor.py:830} INFO - Processing file /opt/airflow/dags/retail_lakehouse_dag.py for tasks to queue
[2025-05-27T18:34:38.713+0000] {logging_mixin.py:188} INFO - [2025-05-27T18:34:38.713+0000] {dagbag.py:538} INFO - Filling up the DagBag from /opt/airflow/dags/retail_lakehouse_dag.py
[2025-05-27T18:34:38.725+0000] {logging_mixin.py:188} INFO - [2025-05-27T18:34:38.725+0000] {dagbag.py:348} ERROR - Failed to import: /opt/airflow/dags/retail_lakehouse_dag.py
Traceback (most recent call last):
  File "/home/airflow/.local/lib/python3.10/site-packages/airflow/models/dagbag.py", line 344, in parse
    loader.exec_module(new_module)
  File "<frozen importlib._bootstrap_external>", line 879, in exec_module
  File "<frozen importlib._bootstrap_external>", line 1017, in get_code
  File "<frozen importlib._bootstrap_external>", line 947, in source_to_code
  File "<frozen importlib._bootstrap>", line 241, in _call_with_frames_removed
  File "/opt/airflow/dags/retail_lakehouse_dag.py", line 70
    force_pull=False
               
SyntaxError: invalid syntax. Perhaps you forgot a comma?
[2025-05-27T18:34:38.726+0000] {processor.py:842} WARNING - No viable dags retrieved from /opt/airflow/dags/retail_lakehouse_dag.py
[2025-05-27T18:34:38.742+0000] {processor.py:183} INFO - Processing /opt/airflow/dags/retail_lakehouse_dag.py took 0.033 seconds
[2025-05-27T18:34:39.759+0000] {processor.py:161} INFO - Started process (PID=235) to work on /opt/airflow/dags/retail_lakehouse_dag.py
[2025-05-27T18:34:39.760+0000] {processor.py:830} INFO - Processing file /opt/airflow/dags/retail_lakehouse_dag.py for tasks to queue
[2025-05-27T18:34:39.761+0000] {logging_mixin.py:188} INFO - [2025-05-27T18:34:39.761+0000] {dagbag.py:538} INFO - Filling up the DagBag from /opt/airflow/dags/retail_lakehouse_dag.py
[2025-05-27T18:34:39.774+0000] {logging_mixin.py:188} INFO - [2025-05-27T18:34:39.774+0000] {dagbag.py:348} ERROR - Failed to import: /opt/airflow/dags/retail_lakehouse_dag.py
Traceback (most recent call last):
  File "/home/airflow/.local/lib/python3.10/site-packages/airflow/models/dagbag.py", line 344, in parse
    loader.exec_module(new_module)
  File "<frozen importlib._bootstrap_external>", line 879, in exec_module
  File "<frozen importlib._bootstrap_external>", line 1017, in get_code
  File "<frozen importlib._bootstrap_external>", line 947, in source_to_code
  File "<frozen importlib._bootstrap>", line 241, in _call_with_frames_removed
  File "/opt/airflow/dags/retail_lakehouse_dag.py", line 70
    force_pull=False
               
SyntaxError: invalid syntax. Perhaps you forgot a comma?
[2025-05-27T18:34:39.775+0000] {processor.py:842} WARNING - No viable dags retrieved from /opt/airflow/dags/retail_lakehouse_dag.py
[2025-05-27T18:34:39.791+0000] {processor.py:183} INFO - Processing /opt/airflow/dags/retail_lakehouse_dag.py took 0.035 seconds
[2025-05-27T18:34:40.803+0000] {processor.py:161} INFO - Started process (PID=240) to work on /opt/airflow/dags/retail_lakehouse_dag.py
[2025-05-27T18:34:40.805+0000] {processor.py:830} INFO - Processing file /opt/airflow/dags/retail_lakehouse_dag.py for tasks to queue
[2025-05-27T18:34:40.806+0000] {logging_mixin.py:188} INFO - [2025-05-27T18:34:40.806+0000] {dagbag.py:538} INFO - Filling up the DagBag from /opt/airflow/dags/retail_lakehouse_dag.py
[2025-05-27T18:34:40.824+0000] {logging_mixin.py:188} INFO - [2025-05-27T18:34:40.823+0000] {dagbag.py:348} ERROR - Failed to import: /opt/airflow/dags/retail_lakehouse_dag.py
Traceback (most recent call last):
  File "/home/airflow/.local/lib/python3.10/site-packages/airflow/models/dagbag.py", line 344, in parse
    loader.exec_module(new_module)
  File "<frozen importlib._bootstrap_external>", line 879, in exec_module
  File "<frozen importlib._bootstrap_external>", line 1017, in get_code
  File "<frozen importlib._bootstrap_external>", line 947, in source_to_code
  File "<frozen importlib._bootstrap>", line 241, in _call_with_frames_removed
  File "/opt/airflow/dags/retail_lakehouse_dag.py", line 70
    force_pull=False
               
SyntaxError: invalid syntax. Perhaps you forgot a comma?
[2025-05-27T18:34:40.825+0000] {processor.py:842} WARNING - No viable dags retrieved from /opt/airflow/dags/retail_lakehouse_dag.py
[2025-05-27T18:34:40.843+0000] {processor.py:183} INFO - Processing /opt/airflow/dags/retail_lakehouse_dag.py took 0.043 seconds
[2025-05-27T18:34:47.931+0000] {processor.py:161} INFO - Started process (PID=245) to work on /opt/airflow/dags/retail_lakehouse_dag.py
[2025-05-27T18:34:47.932+0000] {processor.py:830} INFO - Processing file /opt/airflow/dags/retail_lakehouse_dag.py for tasks to queue
[2025-05-27T18:34:47.933+0000] {logging_mixin.py:188} INFO - [2025-05-27T18:34:47.933+0000] {dagbag.py:538} INFO - Filling up the DagBag from /opt/airflow/dags/retail_lakehouse_dag.py
[2025-05-27T18:34:47.949+0000] {logging_mixin.py:188} INFO - [2025-05-27T18:34:47.949+0000] {dagbag.py:348} ERROR - Failed to import: /opt/airflow/dags/retail_lakehouse_dag.py
Traceback (most recent call last):
  File "/home/airflow/.local/lib/python3.10/site-packages/airflow/models/dagbag.py", line 344, in parse
    loader.exec_module(new_module)
  File "<frozen importlib._bootstrap_external>", line 879, in exec_module
  File "<frozen importlib._bootstrap_external>", line 1017, in get_code
  File "<frozen importlib._bootstrap_external>", line 947, in source_to_code
  File "<frozen importlib._bootstrap>", line 241, in _call_with_frames_removed
  File "/opt/airflow/dags/retail_lakehouse_dag.py", line 70
    force_pull=False
               
SyntaxError: invalid syntax. Perhaps you forgot a comma?
[2025-05-27T18:34:47.950+0000] {processor.py:842} WARNING - No viable dags retrieved from /opt/airflow/dags/retail_lakehouse_dag.py
[2025-05-27T18:34:47.972+0000] {processor.py:183} INFO - Processing /opt/airflow/dags/retail_lakehouse_dag.py took 0.044 seconds
[2025-05-27T18:34:48.979+0000] {processor.py:161} INFO - Started process (PID=250) to work on /opt/airflow/dags/retail_lakehouse_dag.py
[2025-05-27T18:34:48.980+0000] {processor.py:830} INFO - Processing file /opt/airflow/dags/retail_lakehouse_dag.py for tasks to queue
[2025-05-27T18:34:48.982+0000] {logging_mixin.py:188} INFO - [2025-05-27T18:34:48.981+0000] {dagbag.py:538} INFO - Filling up the DagBag from /opt/airflow/dags/retail_lakehouse_dag.py
[2025-05-27T18:34:48.996+0000] {logging_mixin.py:188} INFO - [2025-05-27T18:34:48.995+0000] {dagbag.py:348} ERROR - Failed to import: /opt/airflow/dags/retail_lakehouse_dag.py
Traceback (most recent call last):
  File "/home/airflow/.local/lib/python3.10/site-packages/airflow/models/dagbag.py", line 344, in parse
    loader.exec_module(new_module)
  File "<frozen importlib._bootstrap_external>", line 879, in exec_module
  File "<frozen importlib._bootstrap_external>", line 1017, in get_code
  File "<frozen importlib._bootstrap_external>", line 947, in source_to_code
  File "<frozen importlib._bootstrap>", line 241, in _call_with_frames_removed
  File "/opt/airflow/dags/retail_lakehouse_dag.py", line 70
    force_pull=False
               
SyntaxError: invalid syntax. Perhaps you forgot a comma?
[2025-05-27T18:34:48.996+0000] {processor.py:842} WARNING - No viable dags retrieved from /opt/airflow/dags/retail_lakehouse_dag.py
[2025-05-27T18:34:49.012+0000] {processor.py:183} INFO - Processing /opt/airflow/dags/retail_lakehouse_dag.py took 0.037 seconds
[2025-05-27T18:35:38.956+0000] {processor.py:161} INFO - Started process (PID=164) to work on /opt/airflow/dags/retail_lakehouse_dag.py
[2025-05-27T18:35:38.957+0000] {processor.py:830} INFO - Processing file /opt/airflow/dags/retail_lakehouse_dag.py for tasks to queue
[2025-05-27T18:35:38.958+0000] {logging_mixin.py:188} INFO - [2025-05-27T18:35:38.958+0000] {dagbag.py:538} INFO - Filling up the DagBag from /opt/airflow/dags/retail_lakehouse_dag.py
[2025-05-27T18:35:38.971+0000] {logging_mixin.py:188} INFO - [2025-05-27T18:35:38.970+0000] {dagbag.py:348} ERROR - Failed to import: /opt/airflow/dags/retail_lakehouse_dag.py
Traceback (most recent call last):
  File "/home/airflow/.local/lib/python3.10/site-packages/airflow/models/dagbag.py", line 344, in parse
    loader.exec_module(new_module)
  File "<frozen importlib._bootstrap_external>", line 879, in exec_module
  File "<frozen importlib._bootstrap_external>", line 1017, in get_code
  File "<frozen importlib._bootstrap_external>", line 947, in source_to_code
  File "<frozen importlib._bootstrap>", line 241, in _call_with_frames_removed
  File "/opt/airflow/dags/retail_lakehouse_dag.py", line 70
    force_pull=False
               
SyntaxError: invalid syntax. Perhaps you forgot a comma?
[2025-05-27T18:35:38.972+0000] {processor.py:842} WARNING - No viable dags retrieved from /opt/airflow/dags/retail_lakehouse_dag.py
[2025-05-27T18:35:38.988+0000] {processor.py:183} INFO - Processing /opt/airflow/dags/retail_lakehouse_dag.py took 0.034 seconds
[2025-05-27T18:36:04.287+0000] {processor.py:161} INFO - Started process (PID=169) to work on /opt/airflow/dags/retail_lakehouse_dag.py
[2025-05-27T18:36:04.288+0000] {processor.py:830} INFO - Processing file /opt/airflow/dags/retail_lakehouse_dag.py for tasks to queue
[2025-05-27T18:36:04.289+0000] {logging_mixin.py:188} INFO - [2025-05-27T18:36:04.289+0000] {dagbag.py:538} INFO - Filling up the DagBag from /opt/airflow/dags/retail_lakehouse_dag.py
[2025-05-27T18:36:04.302+0000] {logging_mixin.py:188} INFO - [2025-05-27T18:36:04.302+0000] {dagbag.py:348} ERROR - Failed to import: /opt/airflow/dags/retail_lakehouse_dag.py
Traceback (most recent call last):
  File "/home/airflow/.local/lib/python3.10/site-packages/airflow/models/dagbag.py", line 344, in parse
    loader.exec_module(new_module)
  File "<frozen importlib._bootstrap_external>", line 879, in exec_module
  File "<frozen importlib._bootstrap_external>", line 1017, in get_code
  File "<frozen importlib._bootstrap_external>", line 947, in source_to_code
  File "<frozen importlib._bootstrap>", line 241, in _call_with_frames_removed
  File "/opt/airflow/dags/retail_lakehouse_dag.py", line 70
    force_pull=False
               
SyntaxError: invalid syntax. Perhaps you forgot a comma?
[2025-05-27T18:36:04.303+0000] {processor.py:842} WARNING - No viable dags retrieved from /opt/airflow/dags/retail_lakehouse_dag.py
[2025-05-27T18:36:04.323+0000] {processor.py:183} INFO - Processing /opt/airflow/dags/retail_lakehouse_dag.py took 0.040 seconds
[2025-05-27T18:36:05.325+0000] {processor.py:161} INFO - Started process (PID=174) to work on /opt/airflow/dags/retail_lakehouse_dag.py
[2025-05-27T18:36:05.326+0000] {processor.py:830} INFO - Processing file /opt/airflow/dags/retail_lakehouse_dag.py for tasks to queue
[2025-05-27T18:36:05.327+0000] {logging_mixin.py:188} INFO - [2025-05-27T18:36:05.327+0000] {dagbag.py:538} INFO - Filling up the DagBag from /opt/airflow/dags/retail_lakehouse_dag.py
[2025-05-27T18:36:05.341+0000] {logging_mixin.py:188} INFO - [2025-05-27T18:36:05.340+0000] {dagbag.py:348} ERROR - Failed to import: /opt/airflow/dags/retail_lakehouse_dag.py
Traceback (most recent call last):
  File "/home/airflow/.local/lib/python3.10/site-packages/airflow/models/dagbag.py", line 344, in parse
    loader.exec_module(new_module)
  File "<frozen importlib._bootstrap_external>", line 879, in exec_module
  File "<frozen importlib._bootstrap_external>", line 1017, in get_code
  File "<frozen importlib._bootstrap_external>", line 947, in source_to_code
  File "<frozen importlib._bootstrap>", line 241, in _call_with_frames_removed
  File "/opt/airflow/dags/retail_lakehouse_dag.py", line 70
    force_pull=False
               
SyntaxError: invalid syntax. Perhaps you forgot a comma?
[2025-05-27T18:36:05.341+0000] {processor.py:842} WARNING - No viable dags retrieved from /opt/airflow/dags/retail_lakehouse_dag.py
[2025-05-27T18:36:05.357+0000] {processor.py:183} INFO - Processing /opt/airflow/dags/retail_lakehouse_dag.py took 0.034 seconds
[2025-05-27T18:36:06.385+0000] {processor.py:161} INFO - Started process (PID=179) to work on /opt/airflow/dags/retail_lakehouse_dag.py
[2025-05-27T18:36:06.385+0000] {processor.py:830} INFO - Processing file /opt/airflow/dags/retail_lakehouse_dag.py for tasks to queue
[2025-05-27T18:36:06.386+0000] {logging_mixin.py:188} INFO - [2025-05-27T18:36:06.386+0000] {dagbag.py:538} INFO - Filling up the DagBag from /opt/airflow/dags/retail_lakehouse_dag.py
[2025-05-27T18:36:06.400+0000] {logging_mixin.py:188} INFO - [2025-05-27T18:36:06.399+0000] {dagbag.py:348} ERROR - Failed to import: /opt/airflow/dags/retail_lakehouse_dag.py
Traceback (most recent call last):
  File "/home/airflow/.local/lib/python3.10/site-packages/airflow/models/dagbag.py", line 344, in parse
    loader.exec_module(new_module)
  File "<frozen importlib._bootstrap_external>", line 879, in exec_module
  File "<frozen importlib._bootstrap_external>", line 1017, in get_code
  File "<frozen importlib._bootstrap_external>", line 947, in source_to_code
  File "<frozen importlib._bootstrap>", line 241, in _call_with_frames_removed
  File "/opt/airflow/dags/retail_lakehouse_dag.py", line 70
    force_pull=False
               
SyntaxError: invalid syntax. Perhaps you forgot a comma?
[2025-05-27T18:36:06.400+0000] {processor.py:842} WARNING - No viable dags retrieved from /opt/airflow/dags/retail_lakehouse_dag.py
[2025-05-27T18:36:06.417+0000] {processor.py:183} INFO - Processing /opt/airflow/dags/retail_lakehouse_dag.py took 0.035 seconds
[2025-05-27T18:36:09.444+0000] {processor.py:161} INFO - Started process (PID=184) to work on /opt/airflow/dags/retail_lakehouse_dag.py
[2025-05-27T18:36:09.445+0000] {processor.py:830} INFO - Processing file /opt/airflow/dags/retail_lakehouse_dag.py for tasks to queue
[2025-05-27T18:36:09.446+0000] {logging_mixin.py:188} INFO - [2025-05-27T18:36:09.446+0000] {dagbag.py:538} INFO - Filling up the DagBag from /opt/airflow/dags/retail_lakehouse_dag.py
[2025-05-27T18:36:09.468+0000] {logging_mixin.py:188} INFO - [2025-05-27T18:36:09.467+0000] {dagbag.py:348} ERROR - Failed to import: /opt/airflow/dags/retail_lakehouse_dag.py
Traceback (most recent call last):
  File "/home/airflow/.local/lib/python3.10/site-packages/airflow/models/dagbag.py", line 344, in parse
    loader.exec_module(new_module)
  File "<frozen importlib._bootstrap_external>", line 879, in exec_module
  File "<frozen importlib._bootstrap_external>", line 1017, in get_code
  File "<frozen importlib._bootstrap_external>", line 947, in source_to_code
  File "<frozen importlib._bootstrap>", line 241, in _call_with_frames_removed
  File "/opt/airflow/dags/retail_lakehouse_dag.py", line 70
    force_pull=False
               
SyntaxError: invalid syntax. Perhaps you forgot a comma?
[2025-05-27T18:36:09.468+0000] {processor.py:842} WARNING - No viable dags retrieved from /opt/airflow/dags/retail_lakehouse_dag.py
[2025-05-27T18:36:09.486+0000] {processor.py:183} INFO - Processing /opt/airflow/dags/retail_lakehouse_dag.py took 0.046 seconds
[2025-05-27T18:36:10.519+0000] {processor.py:161} INFO - Started process (PID=189) to work on /opt/airflow/dags/retail_lakehouse_dag.py
[2025-05-27T18:36:10.520+0000] {processor.py:830} INFO - Processing file /opt/airflow/dags/retail_lakehouse_dag.py for tasks to queue
[2025-05-27T18:36:10.521+0000] {logging_mixin.py:188} INFO - [2025-05-27T18:36:10.521+0000] {dagbag.py:538} INFO - Filling up the DagBag from /opt/airflow/dags/retail_lakehouse_dag.py
[2025-05-27T18:36:10.534+0000] {logging_mixin.py:188} INFO - [2025-05-27T18:36:10.534+0000] {dagbag.py:348} ERROR - Failed to import: /opt/airflow/dags/retail_lakehouse_dag.py
Traceback (most recent call last):
  File "/home/airflow/.local/lib/python3.10/site-packages/airflow/models/dagbag.py", line 344, in parse
    loader.exec_module(new_module)
  File "<frozen importlib._bootstrap_external>", line 879, in exec_module
  File "<frozen importlib._bootstrap_external>", line 1017, in get_code
  File "<frozen importlib._bootstrap_external>", line 947, in source_to_code
  File "<frozen importlib._bootstrap>", line 241, in _call_with_frames_removed
  File "/opt/airflow/dags/retail_lakehouse_dag.py", line 70
    force_pull=False
               
SyntaxError: invalid syntax. Perhaps you forgot a comma?
[2025-05-27T18:36:10.535+0000] {processor.py:842} WARNING - No viable dags retrieved from /opt/airflow/dags/retail_lakehouse_dag.py
[2025-05-27T18:36:10.550+0000] {processor.py:183} INFO - Processing /opt/airflow/dags/retail_lakehouse_dag.py took 0.035 seconds
[2025-05-27T18:36:13.660+0000] {processor.py:161} INFO - Started process (PID=194) to work on /opt/airflow/dags/retail_lakehouse_dag.py
[2025-05-27T18:36:13.662+0000] {processor.py:830} INFO - Processing file /opt/airflow/dags/retail_lakehouse_dag.py for tasks to queue
[2025-05-27T18:36:13.663+0000] {logging_mixin.py:188} INFO - [2025-05-27T18:36:13.663+0000] {dagbag.py:538} INFO - Filling up the DagBag from /opt/airflow/dags/retail_lakehouse_dag.py
[2025-05-27T18:36:13.683+0000] {logging_mixin.py:188} INFO - [2025-05-27T18:36:13.683+0000] {dagbag.py:348} ERROR - Failed to import: /opt/airflow/dags/retail_lakehouse_dag.py
Traceback (most recent call last):
  File "/home/airflow/.local/lib/python3.10/site-packages/airflow/models/dagbag.py", line 344, in parse
    loader.exec_module(new_module)
  File "<frozen importlib._bootstrap_external>", line 879, in exec_module
  File "<frozen importlib._bootstrap_external>", line 1017, in get_code
  File "<frozen importlib._bootstrap_external>", line 947, in source_to_code
  File "<frozen importlib._bootstrap>", line 241, in _call_with_frames_removed
  File "/opt/airflow/dags/retail_lakehouse_dag.py", line 47
    auto_remove=True,
    ^^^^^^^^^^^^^^^^
SyntaxError: keyword argument repeated: auto_remove
[2025-05-27T18:36:13.684+0000] {processor.py:842} WARNING - No viable dags retrieved from /opt/airflow/dags/retail_lakehouse_dag.py
[2025-05-27T18:36:13.705+0000] {processor.py:183} INFO - Processing /opt/airflow/dags/retail_lakehouse_dag.py took 0.048 seconds
[2025-05-27T18:36:14.705+0000] {processor.py:161} INFO - Started process (PID=199) to work on /opt/airflow/dags/retail_lakehouse_dag.py
[2025-05-27T18:36:14.706+0000] {processor.py:830} INFO - Processing file /opt/airflow/dags/retail_lakehouse_dag.py for tasks to queue
[2025-05-27T18:36:14.707+0000] {logging_mixin.py:188} INFO - [2025-05-27T18:36:14.706+0000] {dagbag.py:538} INFO - Filling up the DagBag from /opt/airflow/dags/retail_lakehouse_dag.py
[2025-05-27T18:36:14.721+0000] {logging_mixin.py:188} INFO - [2025-05-27T18:36:14.721+0000] {dagbag.py:348} ERROR - Failed to import: /opt/airflow/dags/retail_lakehouse_dag.py
Traceback (most recent call last):
  File "/home/airflow/.local/lib/python3.10/site-packages/airflow/models/dagbag.py", line 344, in parse
    loader.exec_module(new_module)
  File "<frozen importlib._bootstrap_external>", line 879, in exec_module
  File "<frozen importlib._bootstrap_external>", line 1017, in get_code
  File "<frozen importlib._bootstrap_external>", line 947, in source_to_code
  File "<frozen importlib._bootstrap>", line 241, in _call_with_frames_removed
  File "/opt/airflow/dags/retail_lakehouse_dag.py", line 47
    auto_remove=True,
    ^^^^^^^^^^^^^^^^
SyntaxError: keyword argument repeated: auto_remove
[2025-05-27T18:36:14.722+0000] {processor.py:842} WARNING - No viable dags retrieved from /opt/airflow/dags/retail_lakehouse_dag.py
[2025-05-27T18:36:14.742+0000] {processor.py:183} INFO - Processing /opt/airflow/dags/retail_lakehouse_dag.py took 0.040 seconds
[2025-05-27T18:36:16.798+0000] {processor.py:161} INFO - Started process (PID=204) to work on /opt/airflow/dags/retail_lakehouse_dag.py
[2025-05-27T18:36:16.799+0000] {processor.py:830} INFO - Processing file /opt/airflow/dags/retail_lakehouse_dag.py for tasks to queue
[2025-05-27T18:36:16.800+0000] {logging_mixin.py:188} INFO - [2025-05-27T18:36:16.799+0000] {dagbag.py:538} INFO - Filling up the DagBag from /opt/airflow/dags/retail_lakehouse_dag.py
[2025-05-27T18:36:16.820+0000] {logging_mixin.py:188} INFO - [2025-05-27T18:36:16.819+0000] {dagbag.py:348} ERROR - Failed to import: /opt/airflow/dags/retail_lakehouse_dag.py
Traceback (most recent call last):
  File "/home/airflow/.local/lib/python3.10/site-packages/airflow/models/dagbag.py", line 344, in parse
    loader.exec_module(new_module)
  File "<frozen importlib._bootstrap_external>", line 879, in exec_module
  File "<frozen importlib._bootstrap_external>", line 1017, in get_code
  File "<frozen importlib._bootstrap_external>", line 947, in source_to_code
  File "<frozen importlib._bootstrap>", line 241, in _call_with_frames_removed
  File "/opt/airflow/dags/retail_lakehouse_dag.py", line 47
    auto_remove=True,
    ^^^^^^^^^^^^^^^^
SyntaxError: keyword argument repeated: auto_remove
[2025-05-27T18:36:16.820+0000] {processor.py:842} WARNING - No viable dags retrieved from /opt/airflow/dags/retail_lakehouse_dag.py
[2025-05-27T18:36:16.837+0000] {processor.py:183} INFO - Processing /opt/airflow/dags/retail_lakehouse_dag.py took 0.042 seconds
[2025-05-27T18:36:17.860+0000] {processor.py:161} INFO - Started process (PID=209) to work on /opt/airflow/dags/retail_lakehouse_dag.py
[2025-05-27T18:36:17.861+0000] {processor.py:830} INFO - Processing file /opt/airflow/dags/retail_lakehouse_dag.py for tasks to queue
[2025-05-27T18:36:17.862+0000] {logging_mixin.py:188} INFO - [2025-05-27T18:36:17.862+0000] {dagbag.py:538} INFO - Filling up the DagBag from /opt/airflow/dags/retail_lakehouse_dag.py
[2025-05-27T18:36:17.876+0000] {logging_mixin.py:188} INFO - [2025-05-27T18:36:17.876+0000] {dagbag.py:348} ERROR - Failed to import: /opt/airflow/dags/retail_lakehouse_dag.py
Traceback (most recent call last):
  File "/home/airflow/.local/lib/python3.10/site-packages/airflow/models/dagbag.py", line 344, in parse
    loader.exec_module(new_module)
  File "<frozen importlib._bootstrap_external>", line 879, in exec_module
  File "<frozen importlib._bootstrap_external>", line 1017, in get_code
  File "<frozen importlib._bootstrap_external>", line 947, in source_to_code
  File "<frozen importlib._bootstrap>", line 241, in _call_with_frames_removed
  File "/opt/airflow/dags/retail_lakehouse_dag.py", line 47
    auto_remove=True,
    ^^^^^^^^^^^^^^^^
SyntaxError: keyword argument repeated: auto_remove
[2025-05-27T18:36:17.877+0000] {processor.py:842} WARNING - No viable dags retrieved from /opt/airflow/dags/retail_lakehouse_dag.py
[2025-05-27T18:36:17.893+0000] {processor.py:183} INFO - Processing /opt/airflow/dags/retail_lakehouse_dag.py took 0.036 seconds
[2025-05-27T18:36:18.922+0000] {processor.py:161} INFO - Started process (PID=214) to work on /opt/airflow/dags/retail_lakehouse_dag.py
[2025-05-27T18:36:18.923+0000] {processor.py:830} INFO - Processing file /opt/airflow/dags/retail_lakehouse_dag.py for tasks to queue
[2025-05-27T18:36:18.924+0000] {logging_mixin.py:188} INFO - [2025-05-27T18:36:18.923+0000] {dagbag.py:538} INFO - Filling up the DagBag from /opt/airflow/dags/retail_lakehouse_dag.py
[2025-05-27T18:36:18.938+0000] {logging_mixin.py:188} INFO - [2025-05-27T18:36:18.937+0000] {dagbag.py:348} ERROR - Failed to import: /opt/airflow/dags/retail_lakehouse_dag.py
Traceback (most recent call last):
  File "/home/airflow/.local/lib/python3.10/site-packages/airflow/models/dagbag.py", line 344, in parse
    loader.exec_module(new_module)
  File "<frozen importlib._bootstrap_external>", line 879, in exec_module
  File "<frozen importlib._bootstrap_external>", line 1017, in get_code
  File "<frozen importlib._bootstrap_external>", line 947, in source_to_code
  File "<frozen importlib._bootstrap>", line 241, in _call_with_frames_removed
  File "/opt/airflow/dags/retail_lakehouse_dag.py", line 47
    auto_remove=True,
    ^^^^^^^^^^^^^^^^
SyntaxError: keyword argument repeated: auto_remove
[2025-05-27T18:36:18.938+0000] {processor.py:842} WARNING - No viable dags retrieved from /opt/airflow/dags/retail_lakehouse_dag.py
[2025-05-27T18:36:18.956+0000] {processor.py:183} INFO - Processing /opt/airflow/dags/retail_lakehouse_dag.py took 0.037 seconds
[2025-05-27T18:37:21.876+0000] {processor.py:161} INFO - Started process (PID=164) to work on /opt/airflow/dags/retail_lakehouse_dag.py
[2025-05-27T18:37:21.877+0000] {processor.py:830} INFO - Processing file /opt/airflow/dags/retail_lakehouse_dag.py for tasks to queue
[2025-05-27T18:37:21.878+0000] {logging_mixin.py:188} INFO - [2025-05-27T18:37:21.878+0000] {dagbag.py:538} INFO - Filling up the DagBag from /opt/airflow/dags/retail_lakehouse_dag.py
[2025-05-27T18:37:21.899+0000] {logging_mixin.py:188} INFO - [2025-05-27T18:37:21.898+0000] {dagbag.py:348} ERROR - Failed to import: /opt/airflow/dags/retail_lakehouse_dag.py
Traceback (most recent call last):
  File "/home/airflow/.local/lib/python3.10/site-packages/airflow/models/dagbag.py", line 344, in parse
    loader.exec_module(new_module)
  File "<frozen importlib._bootstrap_external>", line 879, in exec_module
  File "<frozen importlib._bootstrap_external>", line 1017, in get_code
  File "<frozen importlib._bootstrap_external>", line 947, in source_to_code
  File "<frozen importlib._bootstrap>", line 241, in _call_with_frames_removed
  File "/opt/airflow/dags/retail_lakehouse_dag.py", line 47
    auto_remove=True,
    ^^^^^^^^^^^^^^^^
SyntaxError: keyword argument repeated: auto_remove
[2025-05-27T18:37:21.900+0000] {processor.py:842} WARNING - No viable dags retrieved from /opt/airflow/dags/retail_lakehouse_dag.py
[2025-05-27T18:37:21.919+0000] {processor.py:183} INFO - Processing /opt/airflow/dags/retail_lakehouse_dag.py took 0.046 seconds
[2025-05-27T18:37:52.287+0000] {processor.py:161} INFO - Started process (PID=169) to work on /opt/airflow/dags/retail_lakehouse_dag.py
[2025-05-27T18:37:52.288+0000] {processor.py:830} INFO - Processing file /opt/airflow/dags/retail_lakehouse_dag.py for tasks to queue
[2025-05-27T18:37:52.289+0000] {logging_mixin.py:188} INFO - [2025-05-27T18:37:52.289+0000] {dagbag.py:538} INFO - Filling up the DagBag from /opt/airflow/dags/retail_lakehouse_dag.py
[2025-05-27T18:37:52.303+0000] {logging_mixin.py:188} INFO - [2025-05-27T18:37:52.302+0000] {dagbag.py:348} ERROR - Failed to import: /opt/airflow/dags/retail_lakehouse_dag.py
Traceback (most recent call last):
  File "/home/airflow/.local/lib/python3.10/site-packages/airflow/models/dagbag.py", line 344, in parse
    loader.exec_module(new_module)
  File "<frozen importlib._bootstrap_external>", line 879, in exec_module
  File "<frozen importlib._bootstrap_external>", line 1017, in get_code
  File "<frozen importlib._bootstrap_external>", line 947, in source_to_code
  File "<frozen importlib._bootstrap>", line 241, in _call_with_frames_removed
  File "/opt/airflow/dags/retail_lakehouse_dag.py", line 47
    auto_remove=True,
    ^^^^^^^^^^^^^^^^
SyntaxError: keyword argument repeated: auto_remove
[2025-05-27T18:37:52.303+0000] {processor.py:842} WARNING - No viable dags retrieved from /opt/airflow/dags/retail_lakehouse_dag.py
[2025-05-27T18:37:52.320+0000] {processor.py:183} INFO - Processing /opt/airflow/dags/retail_lakehouse_dag.py took 0.035 seconds
[2025-05-27T18:38:16.580+0000] {processor.py:161} INFO - Started process (PID=174) to work on /opt/airflow/dags/retail_lakehouse_dag.py
[2025-05-27T18:38:16.581+0000] {processor.py:830} INFO - Processing file /opt/airflow/dags/retail_lakehouse_dag.py for tasks to queue
[2025-05-27T18:38:16.582+0000] {logging_mixin.py:188} INFO - [2025-05-27T18:38:16.581+0000] {dagbag.py:538} INFO - Filling up the DagBag from /opt/airflow/dags/retail_lakehouse_dag.py
[2025-05-27T18:38:16.595+0000] {logging_mixin.py:188} INFO - [2025-05-27T18:38:16.594+0000] {dagbag.py:348} ERROR - Failed to import: /opt/airflow/dags/retail_lakehouse_dag.py
Traceback (most recent call last):
  File "/home/airflow/.local/lib/python3.10/site-packages/airflow/models/dagbag.py", line 344, in parse
    loader.exec_module(new_module)
  File "<frozen importlib._bootstrap_external>", line 879, in exec_module
  File "<frozen importlib._bootstrap_external>", line 1017, in get_code
  File "<frozen importlib._bootstrap_external>", line 947, in source_to_code
  File "<frozen importlib._bootstrap>", line 241, in _call_with_frames_removed
  File "/opt/airflow/dags/retail_lakehouse_dag.py", line 46
    working_dir='/app',
    ^^^^^^^^^^^^^^^^^^
SyntaxError: keyword argument repeated: working_dir
[2025-05-27T18:38:16.596+0000] {processor.py:842} WARNING - No viable dags retrieved from /opt/airflow/dags/retail_lakehouse_dag.py
[2025-05-27T18:38:16.613+0000] {processor.py:183} INFO - Processing /opt/airflow/dags/retail_lakehouse_dag.py took 0.036 seconds
[2025-05-27T18:38:17.624+0000] {processor.py:161} INFO - Started process (PID=179) to work on /opt/airflow/dags/retail_lakehouse_dag.py
[2025-05-27T18:38:17.625+0000] {processor.py:830} INFO - Processing file /opt/airflow/dags/retail_lakehouse_dag.py for tasks to queue
[2025-05-27T18:38:17.626+0000] {logging_mixin.py:188} INFO - [2025-05-27T18:38:17.626+0000] {dagbag.py:538} INFO - Filling up the DagBag from /opt/airflow/dags/retail_lakehouse_dag.py
[2025-05-27T18:38:17.638+0000] {logging_mixin.py:188} INFO - [2025-05-27T18:38:17.637+0000] {dagbag.py:348} ERROR - Failed to import: /opt/airflow/dags/retail_lakehouse_dag.py
Traceback (most recent call last):
  File "/home/airflow/.local/lib/python3.10/site-packages/airflow/models/dagbag.py", line 344, in parse
    loader.exec_module(new_module)
  File "<frozen importlib._bootstrap_external>", line 879, in exec_module
  File "<frozen importlib._bootstrap_external>", line 1017, in get_code
  File "<frozen importlib._bootstrap_external>", line 947, in source_to_code
  File "<frozen importlib._bootstrap>", line 241, in _call_with_frames_removed
  File "/opt/airflow/dags/retail_lakehouse_dag.py", line 46
    working_dir='/app',
    ^^^^^^^^^^^^^^^^^^
SyntaxError: keyword argument repeated: working_dir
[2025-05-27T18:38:17.638+0000] {processor.py:842} WARNING - No viable dags retrieved from /opt/airflow/dags/retail_lakehouse_dag.py
[2025-05-27T18:38:17.654+0000] {processor.py:183} INFO - Processing /opt/airflow/dags/retail_lakehouse_dag.py took 0.033 seconds
[2025-05-27T18:38:18.668+0000] {processor.py:161} INFO - Started process (PID=184) to work on /opt/airflow/dags/retail_lakehouse_dag.py
[2025-05-27T18:38:18.670+0000] {processor.py:830} INFO - Processing file /opt/airflow/dags/retail_lakehouse_dag.py for tasks to queue
[2025-05-27T18:38:18.671+0000] {logging_mixin.py:188} INFO - [2025-05-27T18:38:18.670+0000] {dagbag.py:538} INFO - Filling up the DagBag from /opt/airflow/dags/retail_lakehouse_dag.py
[2025-05-27T18:38:18.687+0000] {logging_mixin.py:188} INFO - [2025-05-27T18:38:18.686+0000] {dagbag.py:348} ERROR - Failed to import: /opt/airflow/dags/retail_lakehouse_dag.py
Traceback (most recent call last):
  File "/home/airflow/.local/lib/python3.10/site-packages/airflow/models/dagbag.py", line 344, in parse
    loader.exec_module(new_module)
  File "<frozen importlib._bootstrap_external>", line 879, in exec_module
  File "<frozen importlib._bootstrap_external>", line 1017, in get_code
  File "<frozen importlib._bootstrap_external>", line 947, in source_to_code
  File "<frozen importlib._bootstrap>", line 241, in _call_with_frames_removed
  File "/opt/airflow/dags/retail_lakehouse_dag.py", line 46
    working_dir='/app',
    ^^^^^^^^^^^^^^^^^^
SyntaxError: keyword argument repeated: working_dir
[2025-05-27T18:38:18.688+0000] {processor.py:842} WARNING - No viable dags retrieved from /opt/airflow/dags/retail_lakehouse_dag.py
[2025-05-27T18:38:18.705+0000] {processor.py:183} INFO - Processing /opt/airflow/dags/retail_lakehouse_dag.py took 0.040 seconds
[2025-05-27T18:39:37.101+0000] {processor.py:161} INFO - Started process (PID=164) to work on /opt/airflow/dags/retail_lakehouse_dag.py
[2025-05-27T18:39:37.103+0000] {processor.py:830} INFO - Processing file /opt/airflow/dags/retail_lakehouse_dag.py for tasks to queue
[2025-05-27T18:39:37.104+0000] {logging_mixin.py:188} INFO - [2025-05-27T18:39:37.104+0000] {dagbag.py:538} INFO - Filling up the DagBag from /opt/airflow/dags/retail_lakehouse_dag.py
[2025-05-27T18:39:37.127+0000] {logging_mixin.py:188} INFO - [2025-05-27T18:39:37.126+0000] {dagbag.py:348} ERROR - Failed to import: /opt/airflow/dags/retail_lakehouse_dag.py
Traceback (most recent call last):
  File "/home/airflow/.local/lib/python3.10/site-packages/airflow/models/dagbag.py", line 344, in parse
    loader.exec_module(new_module)
  File "<frozen importlib._bootstrap_external>", line 879, in exec_module
  File "<frozen importlib._bootstrap_external>", line 1017, in get_code
  File "<frozen importlib._bootstrap_external>", line 947, in source_to_code
  File "<frozen importlib._bootstrap>", line 241, in _call_with_frames_removed
  File "/opt/airflow/dags/retail_lakehouse_dag.py", line 46
    working_dir='/app',
    ^^^^^^^^^^^^^^^^^^
SyntaxError: keyword argument repeated: working_dir
[2025-05-27T18:39:37.128+0000] {processor.py:842} WARNING - No viable dags retrieved from /opt/airflow/dags/retail_lakehouse_dag.py
[2025-05-27T18:39:37.147+0000] {processor.py:183} INFO - Processing /opt/airflow/dags/retail_lakehouse_dag.py took 0.050 seconds
[2025-05-27T18:40:07.494+0000] {processor.py:161} INFO - Started process (PID=169) to work on /opt/airflow/dags/retail_lakehouse_dag.py
[2025-05-27T18:40:07.495+0000] {processor.py:830} INFO - Processing file /opt/airflow/dags/retail_lakehouse_dag.py for tasks to queue
[2025-05-27T18:40:07.497+0000] {logging_mixin.py:188} INFO - [2025-05-27T18:40:07.496+0000] {dagbag.py:538} INFO - Filling up the DagBag from /opt/airflow/dags/retail_lakehouse_dag.py
[2025-05-27T18:40:07.512+0000] {logging_mixin.py:188} INFO - [2025-05-27T18:40:07.511+0000] {dagbag.py:348} ERROR - Failed to import: /opt/airflow/dags/retail_lakehouse_dag.py
Traceback (most recent call last):
  File "/home/airflow/.local/lib/python3.10/site-packages/airflow/models/dagbag.py", line 344, in parse
    loader.exec_module(new_module)
  File "<frozen importlib._bootstrap_external>", line 879, in exec_module
  File "<frozen importlib._bootstrap_external>", line 1017, in get_code
  File "<frozen importlib._bootstrap_external>", line 947, in source_to_code
  File "<frozen importlib._bootstrap>", line 241, in _call_with_frames_removed
  File "/opt/airflow/dags/retail_lakehouse_dag.py", line 46
    working_dir='/app',
    ^^^^^^^^^^^^^^^^^^
SyntaxError: keyword argument repeated: working_dir
[2025-05-27T18:40:07.513+0000] {processor.py:842} WARNING - No viable dags retrieved from /opt/airflow/dags/retail_lakehouse_dag.py
[2025-05-27T18:40:07.533+0000] {processor.py:183} INFO - Processing /opt/airflow/dags/retail_lakehouse_dag.py took 0.045 seconds
[2025-05-27T18:40:37.892+0000] {processor.py:161} INFO - Started process (PID=174) to work on /opt/airflow/dags/retail_lakehouse_dag.py
[2025-05-27T18:40:37.893+0000] {processor.py:830} INFO - Processing file /opt/airflow/dags/retail_lakehouse_dag.py for tasks to queue
[2025-05-27T18:40:37.894+0000] {logging_mixin.py:188} INFO - [2025-05-27T18:40:37.894+0000] {dagbag.py:538} INFO - Filling up the DagBag from /opt/airflow/dags/retail_lakehouse_dag.py
[2025-05-27T18:40:37.933+0000] {processor.py:840} INFO - DAG(s) 'retail_lakehouse_etl' retrieved from /opt/airflow/dags/retail_lakehouse_dag.py
[2025-05-27T18:40:38.145+0000] {logging_mixin.py:188} INFO - [2025-05-27T18:40:38.145+0000] {dag.py:3036} INFO - Sync 1 DAGs
[2025-05-27T18:40:38.154+0000] {logging_mixin.py:188} INFO - [2025-05-27T18:40:38.154+0000] {dag.py:3823} INFO - Setting next_dagrun for retail_lakehouse_etl to None, run_after=None
[2025-05-27T18:40:38.189+0000] {processor.py:183} INFO - Processing /opt/airflow/dags/retail_lakehouse_dag.py took 0.300 seconds
[2025-05-27T18:40:38.946+0000] {processor.py:161} INFO - Started process (PID=181) to work on /opt/airflow/dags/retail_lakehouse_dag.py
[2025-05-27T18:40:38.947+0000] {processor.py:830} INFO - Processing file /opt/airflow/dags/retail_lakehouse_dag.py for tasks to queue
[2025-05-27T18:40:38.948+0000] {logging_mixin.py:188} INFO - [2025-05-27T18:40:38.948+0000] {dagbag.py:538} INFO - Filling up the DagBag from /opt/airflow/dags/retail_lakehouse_dag.py
[2025-05-27T18:40:38.965+0000] {processor.py:840} INFO - DAG(s) 'retail_lakehouse_etl' retrieved from /opt/airflow/dags/retail_lakehouse_dag.py
[2025-05-27T18:40:38.977+0000] {logging_mixin.py:188} INFO - [2025-05-27T18:40:38.977+0000] {dag.py:3036} INFO - Sync 1 DAGs
[2025-05-27T18:40:38.988+0000] {logging_mixin.py:188} INFO - [2025-05-27T18:40:38.987+0000] {dag.py:3823} INFO - Setting next_dagrun for retail_lakehouse_etl to None, run_after=None
[2025-05-27T18:40:39.014+0000] {processor.py:183} INFO - Processing /opt/airflow/dags/retail_lakehouse_dag.py took 0.072 seconds
[2025-05-27T18:41:18.185+0000] {processor.py:161} INFO - Started process (PID=164) to work on /opt/airflow/dags/retail_lakehouse_dag.py
[2025-05-27T18:41:18.186+0000] {processor.py:830} INFO - Processing file /opt/airflow/dags/retail_lakehouse_dag.py for tasks to queue
[2025-05-27T18:41:18.187+0000] {logging_mixin.py:188} INFO - [2025-05-27T18:41:18.187+0000] {dagbag.py:538} INFO - Filling up the DagBag from /opt/airflow/dags/retail_lakehouse_dag.py
[2025-05-27T18:41:18.214+0000] {processor.py:840} INFO - DAG(s) 'retail_lakehouse_etl' retrieved from /opt/airflow/dags/retail_lakehouse_dag.py
[2025-05-27T18:41:18.249+0000] {logging_mixin.py:188} INFO - [2025-05-27T18:41:18.249+0000] {dag.py:3036} INFO - Sync 1 DAGs
[2025-05-27T18:41:18.261+0000] {logging_mixin.py:188} INFO - [2025-05-27T18:41:18.261+0000] {dag.py:3823} INFO - Setting next_dagrun for retail_lakehouse_etl to None, run_after=None
[2025-05-27T18:41:18.289+0000] {processor.py:183} INFO - Processing /opt/airflow/dags/retail_lakehouse_dag.py took 0.107 seconds
[2025-05-27T18:41:48.550+0000] {processor.py:161} INFO - Started process (PID=171) to work on /opt/airflow/dags/retail_lakehouse_dag.py
[2025-05-27T18:41:48.551+0000] {processor.py:830} INFO - Processing file /opt/airflow/dags/retail_lakehouse_dag.py for tasks to queue
[2025-05-27T18:41:48.552+0000] {logging_mixin.py:188} INFO - [2025-05-27T18:41:48.552+0000] {dagbag.py:538} INFO - Filling up the DagBag from /opt/airflow/dags/retail_lakehouse_dag.py
[2025-05-27T18:41:48.573+0000] {processor.py:840} INFO - DAG(s) 'retail_lakehouse_etl' retrieved from /opt/airflow/dags/retail_lakehouse_dag.py
[2025-05-27T18:41:48.602+0000] {logging_mixin.py:188} INFO - [2025-05-27T18:41:48.602+0000] {dag.py:3036} INFO - Sync 1 DAGs
[2025-05-27T18:41:48.615+0000] {logging_mixin.py:188} INFO - [2025-05-27T18:41:48.614+0000] {dag.py:3823} INFO - Setting next_dagrun for retail_lakehouse_etl to None, run_after=None
[2025-05-27T18:41:48.639+0000] {processor.py:183} INFO - Processing /opt/airflow/dags/retail_lakehouse_dag.py took 0.092 seconds
[2025-05-27T18:42:18.958+0000] {processor.py:161} INFO - Started process (PID=176) to work on /opt/airflow/dags/retail_lakehouse_dag.py
[2025-05-27T18:42:18.959+0000] {processor.py:830} INFO - Processing file /opt/airflow/dags/retail_lakehouse_dag.py for tasks to queue
[2025-05-27T18:42:18.960+0000] {logging_mixin.py:188} INFO - [2025-05-27T18:42:18.960+0000] {dagbag.py:538} INFO - Filling up the DagBag from /opt/airflow/dags/retail_lakehouse_dag.py
[2025-05-27T18:42:18.979+0000] {processor.py:840} INFO - DAG(s) 'retail_lakehouse_etl' retrieved from /opt/airflow/dags/retail_lakehouse_dag.py
[2025-05-27T18:42:19.001+0000] {logging_mixin.py:188} INFO - [2025-05-27T18:42:19.001+0000] {dag.py:3036} INFO - Sync 1 DAGs
[2025-05-27T18:42:19.013+0000] {logging_mixin.py:188} INFO - [2025-05-27T18:42:19.013+0000] {dag.py:3823} INFO - Setting next_dagrun for retail_lakehouse_etl to None, run_after=None
[2025-05-27T18:42:19.039+0000] {processor.py:183} INFO - Processing /opt/airflow/dags/retail_lakehouse_dag.py took 0.083 seconds
[2025-05-27T18:42:49.353+0000] {processor.py:161} INFO - Started process (PID=181) to work on /opt/airflow/dags/retail_lakehouse_dag.py
[2025-05-27T18:42:49.354+0000] {processor.py:830} INFO - Processing file /opt/airflow/dags/retail_lakehouse_dag.py for tasks to queue
[2025-05-27T18:42:49.355+0000] {logging_mixin.py:188} INFO - [2025-05-27T18:42:49.355+0000] {dagbag.py:538} INFO - Filling up the DagBag from /opt/airflow/dags/retail_lakehouse_dag.py
[2025-05-27T18:42:49.372+0000] {processor.py:840} INFO - DAG(s) 'retail_lakehouse_etl' retrieved from /opt/airflow/dags/retail_lakehouse_dag.py
[2025-05-27T18:42:49.394+0000] {logging_mixin.py:188} INFO - [2025-05-27T18:42:49.393+0000] {dag.py:3036} INFO - Sync 1 DAGs
[2025-05-27T18:42:49.405+0000] {logging_mixin.py:188} INFO - [2025-05-27T18:42:49.405+0000] {dag.py:3823} INFO - Setting next_dagrun for retail_lakehouse_etl to None, run_after=None
[2025-05-27T18:42:49.429+0000] {processor.py:183} INFO - Processing /opt/airflow/dags/retail_lakehouse_dag.py took 0.078 seconds
[2025-05-27T18:43:19.745+0000] {processor.py:161} INFO - Started process (PID=186) to work on /opt/airflow/dags/retail_lakehouse_dag.py
[2025-05-27T18:43:19.746+0000] {processor.py:830} INFO - Processing file /opt/airflow/dags/retail_lakehouse_dag.py for tasks to queue
[2025-05-27T18:43:19.747+0000] {logging_mixin.py:188} INFO - [2025-05-27T18:43:19.747+0000] {dagbag.py:538} INFO - Filling up the DagBag from /opt/airflow/dags/retail_lakehouse_dag.py
[2025-05-27T18:43:19.764+0000] {processor.py:840} INFO - DAG(s) 'retail_lakehouse_etl' retrieved from /opt/airflow/dags/retail_lakehouse_dag.py
[2025-05-27T18:43:19.785+0000] {logging_mixin.py:188} INFO - [2025-05-27T18:43:19.785+0000] {dag.py:3036} INFO - Sync 1 DAGs
[2025-05-27T18:43:19.796+0000] {logging_mixin.py:188} INFO - [2025-05-27T18:43:19.796+0000] {dag.py:3823} INFO - Setting next_dagrun for retail_lakehouse_etl to None, run_after=None
[2025-05-27T18:43:19.818+0000] {processor.py:183} INFO - Processing /opt/airflow/dags/retail_lakehouse_dag.py took 0.076 seconds
[2025-05-27T18:43:50.202+0000] {processor.py:161} INFO - Started process (PID=191) to work on /opt/airflow/dags/retail_lakehouse_dag.py
[2025-05-27T18:43:50.203+0000] {processor.py:830} INFO - Processing file /opt/airflow/dags/retail_lakehouse_dag.py for tasks to queue
[2025-05-27T18:43:50.204+0000] {logging_mixin.py:188} INFO - [2025-05-27T18:43:50.203+0000] {dagbag.py:538} INFO - Filling up the DagBag from /opt/airflow/dags/retail_lakehouse_dag.py
[2025-05-27T18:43:50.221+0000] {processor.py:840} INFO - DAG(s) 'retail_lakehouse_etl' retrieved from /opt/airflow/dags/retail_lakehouse_dag.py
[2025-05-27T18:43:50.242+0000] {logging_mixin.py:188} INFO - [2025-05-27T18:43:50.242+0000] {dag.py:3036} INFO - Sync 1 DAGs
[2025-05-27T18:43:50.253+0000] {logging_mixin.py:188} INFO - [2025-05-27T18:43:50.253+0000] {dag.py:3823} INFO - Setting next_dagrun for retail_lakehouse_etl to None, run_after=None
[2025-05-27T18:43:50.280+0000] {processor.py:183} INFO - Processing /opt/airflow/dags/retail_lakehouse_dag.py took 0.081 seconds
[2025-05-27T18:44:20.585+0000] {processor.py:161} INFO - Started process (PID=196) to work on /opt/airflow/dags/retail_lakehouse_dag.py
[2025-05-27T18:44:20.586+0000] {processor.py:830} INFO - Processing file /opt/airflow/dags/retail_lakehouse_dag.py for tasks to queue
[2025-05-27T18:44:20.587+0000] {logging_mixin.py:188} INFO - [2025-05-27T18:44:20.587+0000] {dagbag.py:538} INFO - Filling up the DagBag from /opt/airflow/dags/retail_lakehouse_dag.py
[2025-05-27T18:44:20.614+0000] {processor.py:840} INFO - DAG(s) 'retail_lakehouse_etl' retrieved from /opt/airflow/dags/retail_lakehouse_dag.py
[2025-05-27T18:44:20.637+0000] {logging_mixin.py:188} INFO - [2025-05-27T18:44:20.637+0000] {dag.py:3036} INFO - Sync 1 DAGs
[2025-05-27T18:44:20.648+0000] {logging_mixin.py:188} INFO - [2025-05-27T18:44:20.648+0000] {dag.py:3823} INFO - Setting next_dagrun for retail_lakehouse_etl to None, run_after=None
[2025-05-27T18:44:20.670+0000] {processor.py:183} INFO - Processing /opt/airflow/dags/retail_lakehouse_dag.py took 0.088 seconds
[2025-05-27T18:44:51.097+0000] {processor.py:161} INFO - Started process (PID=201) to work on /opt/airflow/dags/retail_lakehouse_dag.py
[2025-05-27T18:44:51.098+0000] {processor.py:830} INFO - Processing file /opt/airflow/dags/retail_lakehouse_dag.py for tasks to queue
[2025-05-27T18:44:51.099+0000] {logging_mixin.py:188} INFO - [2025-05-27T18:44:51.099+0000] {dagbag.py:538} INFO - Filling up the DagBag from /opt/airflow/dags/retail_lakehouse_dag.py
[2025-05-27T18:44:51.118+0000] {processor.py:840} INFO - DAG(s) 'retail_lakehouse_etl' retrieved from /opt/airflow/dags/retail_lakehouse_dag.py
[2025-05-27T18:44:51.140+0000] {logging_mixin.py:188} INFO - [2025-05-27T18:44:51.140+0000] {dag.py:3036} INFO - Sync 1 DAGs
[2025-05-27T18:44:51.151+0000] {logging_mixin.py:188} INFO - [2025-05-27T18:44:51.151+0000] {dag.py:3823} INFO - Setting next_dagrun for retail_lakehouse_etl to None, run_after=None
[2025-05-27T18:44:51.172+0000] {processor.py:183} INFO - Processing /opt/airflow/dags/retail_lakehouse_dag.py took 0.078 seconds
[2025-05-27T18:45:21.486+0000] {processor.py:161} INFO - Started process (PID=206) to work on /opt/airflow/dags/retail_lakehouse_dag.py
[2025-05-27T18:45:21.487+0000] {processor.py:830} INFO - Processing file /opt/airflow/dags/retail_lakehouse_dag.py for tasks to queue
[2025-05-27T18:45:21.488+0000] {logging_mixin.py:188} INFO - [2025-05-27T18:45:21.487+0000] {dagbag.py:538} INFO - Filling up the DagBag from /opt/airflow/dags/retail_lakehouse_dag.py
[2025-05-27T18:45:21.504+0000] {processor.py:840} INFO - DAG(s) 'retail_lakehouse_etl' retrieved from /opt/airflow/dags/retail_lakehouse_dag.py
[2025-05-27T18:45:21.526+0000] {logging_mixin.py:188} INFO - [2025-05-27T18:45:21.526+0000] {dag.py:3036} INFO - Sync 1 DAGs
[2025-05-27T18:45:21.538+0000] {logging_mixin.py:188} INFO - [2025-05-27T18:45:21.538+0000] {dag.py:3823} INFO - Setting next_dagrun for retail_lakehouse_etl to None, run_after=None
[2025-05-27T18:45:21.558+0000] {processor.py:183} INFO - Processing /opt/airflow/dags/retail_lakehouse_dag.py took 0.075 seconds
[2025-05-27T18:45:51.883+0000] {processor.py:161} INFO - Started process (PID=211) to work on /opt/airflow/dags/retail_lakehouse_dag.py
[2025-05-27T18:45:51.884+0000] {processor.py:830} INFO - Processing file /opt/airflow/dags/retail_lakehouse_dag.py for tasks to queue
[2025-05-27T18:45:51.885+0000] {logging_mixin.py:188} INFO - [2025-05-27T18:45:51.884+0000] {dagbag.py:538} INFO - Filling up the DagBag from /opt/airflow/dags/retail_lakehouse_dag.py
[2025-05-27T18:45:51.904+0000] {processor.py:840} INFO - DAG(s) 'retail_lakehouse_etl' retrieved from /opt/airflow/dags/retail_lakehouse_dag.py
[2025-05-27T18:45:51.928+0000] {logging_mixin.py:188} INFO - [2025-05-27T18:45:51.928+0000] {dag.py:3036} INFO - Sync 1 DAGs
[2025-05-27T18:45:51.940+0000] {logging_mixin.py:188} INFO - [2025-05-27T18:45:51.940+0000] {dag.py:3823} INFO - Setting next_dagrun for retail_lakehouse_etl to None, run_after=None
[2025-05-27T18:45:51.962+0000] {processor.py:183} INFO - Processing /opt/airflow/dags/retail_lakehouse_dag.py took 0.082 seconds
[2025-05-27T18:46:03.025+0000] {processor.py:161} INFO - Started process (PID=216) to work on /opt/airflow/dags/retail_lakehouse_dag.py
[2025-05-27T18:46:03.027+0000] {processor.py:830} INFO - Processing file /opt/airflow/dags/retail_lakehouse_dag.py for tasks to queue
[2025-05-27T18:46:03.028+0000] {logging_mixin.py:188} INFO - [2025-05-27T18:46:03.027+0000] {dagbag.py:538} INFO - Filling up the DagBag from /opt/airflow/dags/retail_lakehouse_dag.py
[2025-05-27T18:46:03.064+0000] {logging_mixin.py:188} INFO - [2025-05-27T18:46:03.059+0000] {dagbag.py:348} ERROR - Failed to import: /opt/airflow/dags/retail_lakehouse_dag.py
Traceback (most recent call last):
  File "/home/airflow/.local/lib/python3.10/site-packages/airflow/models/dagbag.py", line 344, in parse
    loader.exec_module(new_module)
  File "<frozen importlib._bootstrap_external>", line 883, in exec_module
  File "<frozen importlib._bootstrap>", line 241, in _call_with_frames_removed
  File "/opt/airflow/dags/retail_lakehouse_dag.py", line 22, in <module>
    raw_to_bronze = DockerOperator(
  File "/home/airflow/.local/lib/python3.10/site-packages/airflow/models/baseoperator.py", line 437, in apply_defaults
    result = func(self, **kwargs, default_args=default_args)
  File "/home/airflow/.local/lib/python3.10/site-packages/airflow/providers/docker/operators/docker.py", line 265, in __init__
    super().__init__(**kwargs)
  File "/home/airflow/.local/lib/python3.10/site-packages/airflow/models/baseoperator.py", line 437, in apply_defaults
    result = func(self, **kwargs, default_args=default_args)
  File "/home/airflow/.local/lib/python3.10/site-packages/airflow/models/baseoperator.py", line 793, in __init__
    raise AirflowException(
airflow.exceptions.AirflowException: Invalid arguments were passed to DockerOperator (task_id: raw_to_bronze). Invalid arguments were:
**kwargs: {'volumes': ['C:\\Users\\rahul.rs\\Desktop\\pyspark-etl-project:/opt/spark_etl']}
[2025-05-27T18:46:03.064+0000] {processor.py:842} WARNING - No viable dags retrieved from /opt/airflow/dags/retail_lakehouse_dag.py
[2025-05-27T18:46:03.086+0000] {processor.py:183} INFO - Processing /opt/airflow/dags/retail_lakehouse_dag.py took 0.064 seconds
[2025-05-27T18:46:04.155+0000] {processor.py:161} INFO - Started process (PID=221) to work on /opt/airflow/dags/retail_lakehouse_dag.py
[2025-05-27T18:46:04.156+0000] {processor.py:830} INFO - Processing file /opt/airflow/dags/retail_lakehouse_dag.py for tasks to queue
[2025-05-27T18:46:04.157+0000] {logging_mixin.py:188} INFO - [2025-05-27T18:46:04.157+0000] {dagbag.py:538} INFO - Filling up the DagBag from /opt/airflow/dags/retail_lakehouse_dag.py
[2025-05-27T18:46:04.178+0000] {logging_mixin.py:188} INFO - [2025-05-27T18:46:04.175+0000] {dagbag.py:348} ERROR - Failed to import: /opt/airflow/dags/retail_lakehouse_dag.py
Traceback (most recent call last):
  File "/home/airflow/.local/lib/python3.10/site-packages/airflow/models/dagbag.py", line 344, in parse
    loader.exec_module(new_module)
  File "<frozen importlib._bootstrap_external>", line 883, in exec_module
  File "<frozen importlib._bootstrap>", line 241, in _call_with_frames_removed
  File "/opt/airflow/dags/retail_lakehouse_dag.py", line 22, in <module>
    raw_to_bronze = DockerOperator(
  File "/home/airflow/.local/lib/python3.10/site-packages/airflow/models/baseoperator.py", line 437, in apply_defaults
    result = func(self, **kwargs, default_args=default_args)
  File "/home/airflow/.local/lib/python3.10/site-packages/airflow/providers/docker/operators/docker.py", line 265, in __init__
    super().__init__(**kwargs)
  File "/home/airflow/.local/lib/python3.10/site-packages/airflow/models/baseoperator.py", line 437, in apply_defaults
    result = func(self, **kwargs, default_args=default_args)
  File "/home/airflow/.local/lib/python3.10/site-packages/airflow/models/baseoperator.py", line 793, in __init__
    raise AirflowException(
airflow.exceptions.AirflowException: Invalid arguments were passed to DockerOperator (task_id: raw_to_bronze). Invalid arguments were:
**kwargs: {'volumes': ['C:\\Users\\rahul.rs\\Desktop\\pyspark-etl-project:/opt/spark_etl']}
[2025-05-27T18:46:04.179+0000] {processor.py:842} WARNING - No viable dags retrieved from /opt/airflow/dags/retail_lakehouse_dag.py
[2025-05-27T18:46:04.202+0000] {processor.py:183} INFO - Processing /opt/airflow/dags/retail_lakehouse_dag.py took 0.050 seconds
[2025-05-27T18:46:06.215+0000] {processor.py:161} INFO - Started process (PID=226) to work on /opt/airflow/dags/retail_lakehouse_dag.py
[2025-05-27T18:46:06.216+0000] {processor.py:830} INFO - Processing file /opt/airflow/dags/retail_lakehouse_dag.py for tasks to queue
[2025-05-27T18:46:06.217+0000] {logging_mixin.py:188} INFO - [2025-05-27T18:46:06.217+0000] {dagbag.py:538} INFO - Filling up the DagBag from /opt/airflow/dags/retail_lakehouse_dag.py
[2025-05-27T18:46:06.240+0000] {logging_mixin.py:188} INFO - [2025-05-27T18:46:06.237+0000] {dagbag.py:348} ERROR - Failed to import: /opt/airflow/dags/retail_lakehouse_dag.py
Traceback (most recent call last):
  File "/home/airflow/.local/lib/python3.10/site-packages/airflow/models/dagbag.py", line 344, in parse
    loader.exec_module(new_module)
  File "<frozen importlib._bootstrap_external>", line 883, in exec_module
  File "<frozen importlib._bootstrap>", line 241, in _call_with_frames_removed
  File "/opt/airflow/dags/retail_lakehouse_dag.py", line 22, in <module>
    raw_to_bronze = DockerOperator(
  File "/home/airflow/.local/lib/python3.10/site-packages/airflow/models/baseoperator.py", line 437, in apply_defaults
    result = func(self, **kwargs, default_args=default_args)
  File "/home/airflow/.local/lib/python3.10/site-packages/airflow/providers/docker/operators/docker.py", line 265, in __init__
    super().__init__(**kwargs)
  File "/home/airflow/.local/lib/python3.10/site-packages/airflow/models/baseoperator.py", line 437, in apply_defaults
    result = func(self, **kwargs, default_args=default_args)
  File "/home/airflow/.local/lib/python3.10/site-packages/airflow/models/baseoperator.py", line 793, in __init__
    raise AirflowException(
airflow.exceptions.AirflowException: Invalid arguments were passed to DockerOperator (task_id: raw_to_bronze). Invalid arguments were:
**kwargs: {'volumes': ['C:\\Users\\rahul.rs\\Desktop\\pyspark-etl-project:/opt/spark_etl']}
[2025-05-27T18:46:06.240+0000] {processor.py:842} WARNING - No viable dags retrieved from /opt/airflow/dags/retail_lakehouse_dag.py
[2025-05-27T18:46:06.258+0000] {processor.py:183} INFO - Processing /opt/airflow/dags/retail_lakehouse_dag.py took 0.046 seconds
[2025-05-27T18:46:07.321+0000] {processor.py:161} INFO - Started process (PID=231) to work on /opt/airflow/dags/retail_lakehouse_dag.py
[2025-05-27T18:46:07.324+0000] {processor.py:830} INFO - Processing file /opt/airflow/dags/retail_lakehouse_dag.py for tasks to queue
[2025-05-27T18:46:07.325+0000] {logging_mixin.py:188} INFO - [2025-05-27T18:46:07.325+0000] {dagbag.py:538} INFO - Filling up the DagBag from /opt/airflow/dags/retail_lakehouse_dag.py
[2025-05-27T18:46:07.377+0000] {logging_mixin.py:188} INFO - [2025-05-27T18:46:07.371+0000] {dagbag.py:348} ERROR - Failed to import: /opt/airflow/dags/retail_lakehouse_dag.py
Traceback (most recent call last):
  File "/home/airflow/.local/lib/python3.10/site-packages/airflow/models/dagbag.py", line 344, in parse
    loader.exec_module(new_module)
  File "<frozen importlib._bootstrap_external>", line 883, in exec_module
  File "<frozen importlib._bootstrap>", line 241, in _call_with_frames_removed
  File "/opt/airflow/dags/retail_lakehouse_dag.py", line 22, in <module>
    raw_to_bronze = DockerOperator(
  File "/home/airflow/.local/lib/python3.10/site-packages/airflow/models/baseoperator.py", line 437, in apply_defaults
    result = func(self, **kwargs, default_args=default_args)
  File "/home/airflow/.local/lib/python3.10/site-packages/airflow/providers/docker/operators/docker.py", line 265, in __init__
    super().__init__(**kwargs)
  File "/home/airflow/.local/lib/python3.10/site-packages/airflow/models/baseoperator.py", line 437, in apply_defaults
    result = func(self, **kwargs, default_args=default_args)
  File "/home/airflow/.local/lib/python3.10/site-packages/airflow/models/baseoperator.py", line 793, in __init__
    raise AirflowException(
airflow.exceptions.AirflowException: Invalid arguments were passed to DockerOperator (task_id: raw_to_bronze). Invalid arguments were:
**kwargs: {'volumes': ['C:\\Users\\rahul.rs\\Desktop\\pyspark-etl-project:/opt/spark_etl']}
[2025-05-27T18:46:07.378+0000] {processor.py:842} WARNING - No viable dags retrieved from /opt/airflow/dags/retail_lakehouse_dag.py
[2025-05-27T18:46:07.403+0000] {processor.py:183} INFO - Processing /opt/airflow/dags/retail_lakehouse_dag.py took 0.087 seconds
[2025-05-27T18:46:14.405+0000] {processor.py:161} INFO - Started process (PID=236) to work on /opt/airflow/dags/retail_lakehouse_dag.py
[2025-05-27T18:46:14.407+0000] {processor.py:830} INFO - Processing file /opt/airflow/dags/retail_lakehouse_dag.py for tasks to queue
[2025-05-27T18:46:14.407+0000] {logging_mixin.py:188} INFO - [2025-05-27T18:46:14.407+0000] {dagbag.py:538} INFO - Filling up the DagBag from /opt/airflow/dags/retail_lakehouse_dag.py
[2025-05-27T18:46:14.433+0000] {logging_mixin.py:188} INFO - [2025-05-27T18:46:14.430+0000] {dagbag.py:348} ERROR - Failed to import: /opt/airflow/dags/retail_lakehouse_dag.py
Traceback (most recent call last):
  File "/home/airflow/.local/lib/python3.10/site-packages/airflow/models/dagbag.py", line 344, in parse
    loader.exec_module(new_module)
  File "<frozen importlib._bootstrap_external>", line 883, in exec_module
  File "<frozen importlib._bootstrap>", line 241, in _call_with_frames_removed
  File "/opt/airflow/dags/retail_lakehouse_dag.py", line 22, in <module>
    raw_to_bronze = DockerOperator(
  File "/home/airflow/.local/lib/python3.10/site-packages/airflow/models/baseoperator.py", line 437, in apply_defaults
    result = func(self, **kwargs, default_args=default_args)
  File "/home/airflow/.local/lib/python3.10/site-packages/airflow/providers/docker/operators/docker.py", line 265, in __init__
    super().__init__(**kwargs)
  File "/home/airflow/.local/lib/python3.10/site-packages/airflow/models/baseoperator.py", line 437, in apply_defaults
    result = func(self, **kwargs, default_args=default_args)
  File "/home/airflow/.local/lib/python3.10/site-packages/airflow/models/baseoperator.py", line 793, in __init__
    raise AirflowException(
airflow.exceptions.AirflowException: Invalid arguments were passed to DockerOperator (task_id: raw_to_bronze). Invalid arguments were:
**kwargs: {'volumes': ['C:\\Users\\rahul.rs\\Desktop\\pyspark-etl-project:/opt/spark_etl']}
[2025-05-27T18:46:14.434+0000] {processor.py:842} WARNING - No viable dags retrieved from /opt/airflow/dags/retail_lakehouse_dag.py
[2025-05-27T18:46:14.452+0000] {processor.py:183} INFO - Processing /opt/airflow/dags/retail_lakehouse_dag.py took 0.050 seconds
[2025-05-27T18:47:58.517+0000] {processor.py:161} INFO - Started process (PID=164) to work on /opt/airflow/dags/retail_lakehouse_dag.py
[2025-05-27T18:47:58.519+0000] {processor.py:830} INFO - Processing file /opt/airflow/dags/retail_lakehouse_dag.py for tasks to queue
[2025-05-27T18:47:58.520+0000] {logging_mixin.py:188} INFO - [2025-05-27T18:47:58.520+0000] {dagbag.py:538} INFO - Filling up the DagBag from /opt/airflow/dags/retail_lakehouse_dag.py
[2025-05-27T18:47:58.549+0000] {logging_mixin.py:188} INFO - [2025-05-27T18:47:58.543+0000] {dagbag.py:348} ERROR - Failed to import: /opt/airflow/dags/retail_lakehouse_dag.py
Traceback (most recent call last):
  File "/home/airflow/.local/lib/python3.10/site-packages/airflow/models/dagbag.py", line 344, in parse
    loader.exec_module(new_module)
  File "<frozen importlib._bootstrap_external>", line 883, in exec_module
  File "<frozen importlib._bootstrap>", line 241, in _call_with_frames_removed
  File "/opt/airflow/dags/retail_lakehouse_dag.py", line 22, in <module>
    raw_to_bronze = DockerOperator(
  File "/home/airflow/.local/lib/python3.10/site-packages/airflow/models/baseoperator.py", line 437, in apply_defaults
    result = func(self, **kwargs, default_args=default_args)
  File "/home/airflow/.local/lib/python3.10/site-packages/airflow/providers/docker/operators/docker.py", line 265, in __init__
    super().__init__(**kwargs)
  File "/home/airflow/.local/lib/python3.10/site-packages/airflow/models/baseoperator.py", line 437, in apply_defaults
    result = func(self, **kwargs, default_args=default_args)
  File "/home/airflow/.local/lib/python3.10/site-packages/airflow/models/baseoperator.py", line 793, in __init__
    raise AirflowException(
airflow.exceptions.AirflowException: Invalid arguments were passed to DockerOperator (task_id: raw_to_bronze). Invalid arguments were:
**kwargs: {'volumes': ['C:\\Users\\rahul.rs\\Desktop\\pyspark-etl-project:/opt/spark_etl']}
[2025-05-27T18:47:58.549+0000] {processor.py:842} WARNING - No viable dags retrieved from /opt/airflow/dags/retail_lakehouse_dag.py
[2025-05-27T18:47:58.576+0000] {processor.py:183} INFO - Processing /opt/airflow/dags/retail_lakehouse_dag.py took 0.064 seconds
[2025-05-27T18:48:28.962+0000] {processor.py:161} INFO - Started process (PID=169) to work on /opt/airflow/dags/retail_lakehouse_dag.py
[2025-05-27T18:48:28.963+0000] {processor.py:830} INFO - Processing file /opt/airflow/dags/retail_lakehouse_dag.py for tasks to queue
[2025-05-27T18:48:28.964+0000] {logging_mixin.py:188} INFO - [2025-05-27T18:48:28.963+0000] {dagbag.py:538} INFO - Filling up the DagBag from /opt/airflow/dags/retail_lakehouse_dag.py
[2025-05-27T18:48:28.980+0000] {logging_mixin.py:188} INFO - [2025-05-27T18:48:28.977+0000] {dagbag.py:348} ERROR - Failed to import: /opt/airflow/dags/retail_lakehouse_dag.py
Traceback (most recent call last):
  File "/home/airflow/.local/lib/python3.10/site-packages/airflow/models/dagbag.py", line 344, in parse
    loader.exec_module(new_module)
  File "<frozen importlib._bootstrap_external>", line 883, in exec_module
  File "<frozen importlib._bootstrap>", line 241, in _call_with_frames_removed
  File "/opt/airflow/dags/retail_lakehouse_dag.py", line 22, in <module>
    raw_to_bronze = DockerOperator(
  File "/home/airflow/.local/lib/python3.10/site-packages/airflow/models/baseoperator.py", line 437, in apply_defaults
    result = func(self, **kwargs, default_args=default_args)
  File "/home/airflow/.local/lib/python3.10/site-packages/airflow/providers/docker/operators/docker.py", line 265, in __init__
    super().__init__(**kwargs)
  File "/home/airflow/.local/lib/python3.10/site-packages/airflow/models/baseoperator.py", line 437, in apply_defaults
    result = func(self, **kwargs, default_args=default_args)
  File "/home/airflow/.local/lib/python3.10/site-packages/airflow/models/baseoperator.py", line 793, in __init__
    raise AirflowException(
airflow.exceptions.AirflowException: Invalid arguments were passed to DockerOperator (task_id: raw_to_bronze). Invalid arguments were:
**kwargs: {'volumes': ['C:\\Users\\rahul.rs\\Desktop\\pyspark-etl-project:/opt/spark_etl']}
[2025-05-27T18:48:28.980+0000] {processor.py:842} WARNING - No viable dags retrieved from /opt/airflow/dags/retail_lakehouse_dag.py
[2025-05-27T18:48:28.998+0000] {processor.py:183} INFO - Processing /opt/airflow/dags/retail_lakehouse_dag.py took 0.038 seconds
[2025-05-27T18:48:59.712+0000] {processor.py:161} INFO - Started process (PID=174) to work on /opt/airflow/dags/retail_lakehouse_dag.py
[2025-05-27T18:48:59.721+0000] {processor.py:830} INFO - Processing file /opt/airflow/dags/retail_lakehouse_dag.py for tasks to queue
[2025-05-27T18:48:59.726+0000] {logging_mixin.py:188} INFO - [2025-05-27T18:48:59.724+0000] {dagbag.py:538} INFO - Filling up the DagBag from /opt/airflow/dags/retail_lakehouse_dag.py
[2025-05-27T18:48:59.840+0000] {logging_mixin.py:188} INFO - [2025-05-27T18:48:59.818+0000] {dagbag.py:348} ERROR - Failed to import: /opt/airflow/dags/retail_lakehouse_dag.py
Traceback (most recent call last):
  File "/home/airflow/.local/lib/python3.10/site-packages/airflow/models/dagbag.py", line 344, in parse
    loader.exec_module(new_module)
  File "<frozen importlib._bootstrap_external>", line 883, in exec_module
  File "<frozen importlib._bootstrap>", line 241, in _call_with_frames_removed
  File "/opt/airflow/dags/retail_lakehouse_dag.py", line 22, in <module>
    raw_to_bronze = DockerOperator(
  File "/home/airflow/.local/lib/python3.10/site-packages/airflow/models/baseoperator.py", line 437, in apply_defaults
    result = func(self, **kwargs, default_args=default_args)
  File "/home/airflow/.local/lib/python3.10/site-packages/airflow/providers/docker/operators/docker.py", line 265, in __init__
    super().__init__(**kwargs)
  File "/home/airflow/.local/lib/python3.10/site-packages/airflow/models/baseoperator.py", line 437, in apply_defaults
    result = func(self, **kwargs, default_args=default_args)
  File "/home/airflow/.local/lib/python3.10/site-packages/airflow/models/baseoperator.py", line 793, in __init__
    raise AirflowException(
airflow.exceptions.AirflowException: Invalid arguments were passed to DockerOperator (task_id: raw_to_bronze). Invalid arguments were:
**kwargs: {'volumes': ['C:\\Users\\rahul.rs\\Desktop\\pyspark-etl-project:/opt/spark_etl']}
[2025-05-27T18:48:59.843+0000] {processor.py:842} WARNING - No viable dags retrieved from /opt/airflow/dags/retail_lakehouse_dag.py
[2025-05-27T18:49:00.006+0000] {processor.py:183} INFO - Processing /opt/airflow/dags/retail_lakehouse_dag.py took 0.309 seconds
[2025-05-27T18:49:30.194+0000] {processor.py:161} INFO - Started process (PID=179) to work on /opt/airflow/dags/retail_lakehouse_dag.py
[2025-05-27T18:49:30.195+0000] {processor.py:830} INFO - Processing file /opt/airflow/dags/retail_lakehouse_dag.py for tasks to queue
[2025-05-27T18:49:30.196+0000] {logging_mixin.py:188} INFO - [2025-05-27T18:49:30.195+0000] {dagbag.py:538} INFO - Filling up the DagBag from /opt/airflow/dags/retail_lakehouse_dag.py
[2025-05-27T18:49:30.215+0000] {logging_mixin.py:188} INFO - [2025-05-27T18:49:30.211+0000] {dagbag.py:348} ERROR - Failed to import: /opt/airflow/dags/retail_lakehouse_dag.py
Traceback (most recent call last):
  File "/home/airflow/.local/lib/python3.10/site-packages/airflow/models/dagbag.py", line 344, in parse
    loader.exec_module(new_module)
  File "<frozen importlib._bootstrap_external>", line 883, in exec_module
  File "<frozen importlib._bootstrap>", line 241, in _call_with_frames_removed
  File "/opt/airflow/dags/retail_lakehouse_dag.py", line 22, in <module>
    raw_to_bronze = DockerOperator(
  File "/home/airflow/.local/lib/python3.10/site-packages/airflow/models/baseoperator.py", line 437, in apply_defaults
    result = func(self, **kwargs, default_args=default_args)
  File "/home/airflow/.local/lib/python3.10/site-packages/airflow/providers/docker/operators/docker.py", line 265, in __init__
    super().__init__(**kwargs)
  File "/home/airflow/.local/lib/python3.10/site-packages/airflow/models/baseoperator.py", line 437, in apply_defaults
    result = func(self, **kwargs, default_args=default_args)
  File "/home/airflow/.local/lib/python3.10/site-packages/airflow/models/baseoperator.py", line 793, in __init__
    raise AirflowException(
airflow.exceptions.AirflowException: Invalid arguments were passed to DockerOperator (task_id: raw_to_bronze). Invalid arguments were:
**kwargs: {'volumes': ['C:\\Users\\rahul.rs\\Desktop\\pyspark-etl-project:/opt/spark_etl']}
[2025-05-27T18:49:30.215+0000] {processor.py:842} WARNING - No viable dags retrieved from /opt/airflow/dags/retail_lakehouse_dag.py
[2025-05-27T18:49:30.234+0000] {processor.py:183} INFO - Processing /opt/airflow/dags/retail_lakehouse_dag.py took 0.043 seconds
[2025-05-27T18:49:57.583+0000] {processor.py:161} INFO - Started process (PID=184) to work on /opt/airflow/dags/retail_lakehouse_dag.py
[2025-05-27T18:49:57.584+0000] {processor.py:830} INFO - Processing file /opt/airflow/dags/retail_lakehouse_dag.py for tasks to queue
[2025-05-27T18:49:57.585+0000] {logging_mixin.py:188} INFO - [2025-05-27T18:49:57.585+0000] {dagbag.py:538} INFO - Filling up the DagBag from /opt/airflow/dags/retail_lakehouse_dag.py
[2025-05-27T18:49:57.609+0000] {logging_mixin.py:188} INFO - [2025-05-27T18:49:57.606+0000] {dagbag.py:348} ERROR - Failed to import: /opt/airflow/dags/retail_lakehouse_dag.py
Traceback (most recent call last):
  File "/home/airflow/.local/lib/python3.10/site-packages/airflow/models/dagbag.py", line 344, in parse
    loader.exec_module(new_module)
  File "<frozen importlib._bootstrap_external>", line 883, in exec_module
  File "<frozen importlib._bootstrap>", line 241, in _call_with_frames_removed
  File "/opt/airflow/dags/retail_lakehouse_dag.py", line 22, in <module>
    raw_to_bronze = DockerOperator(
  File "/home/airflow/.local/lib/python3.10/site-packages/airflow/models/baseoperator.py", line 437, in apply_defaults
    result = func(self, **kwargs, default_args=default_args)
  File "/home/airflow/.local/lib/python3.10/site-packages/airflow/providers/docker/operators/docker.py", line 265, in __init__
    super().__init__(**kwargs)
  File "/home/airflow/.local/lib/python3.10/site-packages/airflow/models/baseoperator.py", line 437, in apply_defaults
    result = func(self, **kwargs, default_args=default_args)
  File "/home/airflow/.local/lib/python3.10/site-packages/airflow/models/baseoperator.py", line 793, in __init__
    raise AirflowException(
airflow.exceptions.AirflowException: Invalid arguments were passed to DockerOperator (task_id: raw_to_bronze). Invalid arguments were:
**kwargs: {'volumes': ['/mnt/c/Users/rahul.rs/Desktop/pyspark-etl-project:/opt/spark_etl']}
[2025-05-27T18:49:57.609+0000] {processor.py:842} WARNING - No viable dags retrieved from /opt/airflow/dags/retail_lakehouse_dag.py
[2025-05-27T18:49:57.626+0000] {processor.py:183} INFO - Processing /opt/airflow/dags/retail_lakehouse_dag.py took 0.045 seconds
[2025-05-27T18:50:08.722+0000] {processor.py:161} INFO - Started process (PID=189) to work on /opt/airflow/dags/retail_lakehouse_dag.py
[2025-05-27T18:50:08.723+0000] {processor.py:830} INFO - Processing file /opt/airflow/dags/retail_lakehouse_dag.py for tasks to queue
[2025-05-27T18:50:08.724+0000] {logging_mixin.py:188} INFO - [2025-05-27T18:50:08.723+0000] {dagbag.py:538} INFO - Filling up the DagBag from /opt/airflow/dags/retail_lakehouse_dag.py
[2025-05-27T18:50:08.747+0000] {logging_mixin.py:188} INFO - [2025-05-27T18:50:08.743+0000] {dagbag.py:348} ERROR - Failed to import: /opt/airflow/dags/retail_lakehouse_dag.py
Traceback (most recent call last):
  File "/home/airflow/.local/lib/python3.10/site-packages/airflow/models/dagbag.py", line 344, in parse
    loader.exec_module(new_module)
  File "<frozen importlib._bootstrap_external>", line 883, in exec_module
  File "<frozen importlib._bootstrap>", line 241, in _call_with_frames_removed
  File "/opt/airflow/dags/retail_lakehouse_dag.py", line 22, in <module>
    raw_to_bronze = DockerOperator(
  File "/home/airflow/.local/lib/python3.10/site-packages/airflow/models/baseoperator.py", line 437, in apply_defaults
    result = func(self, **kwargs, default_args=default_args)
  File "/home/airflow/.local/lib/python3.10/site-packages/airflow/providers/docker/operators/docker.py", line 265, in __init__
    super().__init__(**kwargs)
  File "/home/airflow/.local/lib/python3.10/site-packages/airflow/models/baseoperator.py", line 437, in apply_defaults
    result = func(self, **kwargs, default_args=default_args)
  File "/home/airflow/.local/lib/python3.10/site-packages/airflow/models/baseoperator.py", line 793, in __init__
    raise AirflowException(
airflow.exceptions.AirflowException: Invalid arguments were passed to DockerOperator (task_id: raw_to_bronze). Invalid arguments were:
**kwargs: {'volumes': ['/mnt/c/Users/rahul.rs/Desktop/pyspark-etl-project:/opt/spark_etl']}
[2025-05-27T18:50:08.748+0000] {processor.py:842} WARNING - No viable dags retrieved from /opt/airflow/dags/retail_lakehouse_dag.py
[2025-05-27T18:50:08.764+0000] {processor.py:183} INFO - Processing /opt/airflow/dags/retail_lakehouse_dag.py took 0.045 seconds
[2025-05-27T18:50:09.794+0000] {processor.py:161} INFO - Started process (PID=194) to work on /opt/airflow/dags/retail_lakehouse_dag.py
[2025-05-27T18:50:09.794+0000] {processor.py:830} INFO - Processing file /opt/airflow/dags/retail_lakehouse_dag.py for tasks to queue
[2025-05-27T18:50:09.795+0000] {logging_mixin.py:188} INFO - [2025-05-27T18:50:09.795+0000] {dagbag.py:538} INFO - Filling up the DagBag from /opt/airflow/dags/retail_lakehouse_dag.py
[2025-05-27T18:50:09.816+0000] {logging_mixin.py:188} INFO - [2025-05-27T18:50:09.813+0000] {dagbag.py:348} ERROR - Failed to import: /opt/airflow/dags/retail_lakehouse_dag.py
Traceback (most recent call last):
  File "/home/airflow/.local/lib/python3.10/site-packages/airflow/models/dagbag.py", line 344, in parse
    loader.exec_module(new_module)
  File "<frozen importlib._bootstrap_external>", line 883, in exec_module
  File "<frozen importlib._bootstrap>", line 241, in _call_with_frames_removed
  File "/opt/airflow/dags/retail_lakehouse_dag.py", line 22, in <module>
    raw_to_bronze = DockerOperator(
  File "/home/airflow/.local/lib/python3.10/site-packages/airflow/models/baseoperator.py", line 437, in apply_defaults
    result = func(self, **kwargs, default_args=default_args)
  File "/home/airflow/.local/lib/python3.10/site-packages/airflow/providers/docker/operators/docker.py", line 265, in __init__
    super().__init__(**kwargs)
  File "/home/airflow/.local/lib/python3.10/site-packages/airflow/models/baseoperator.py", line 437, in apply_defaults
    result = func(self, **kwargs, default_args=default_args)
  File "/home/airflow/.local/lib/python3.10/site-packages/airflow/models/baseoperator.py", line 793, in __init__
    raise AirflowException(
airflow.exceptions.AirflowException: Invalid arguments were passed to DockerOperator (task_id: raw_to_bronze). Invalid arguments were:
**kwargs: {'volumes': ['/mnt/c/Users/rahul.rs/Desktop/pyspark-etl-project:/opt/spark_etl']}
[2025-05-27T18:50:09.817+0000] {processor.py:842} WARNING - No viable dags retrieved from /opt/airflow/dags/retail_lakehouse_dag.py
[2025-05-27T18:50:09.833+0000] {processor.py:183} INFO - Processing /opt/airflow/dags/retail_lakehouse_dag.py took 0.042 seconds
[2025-05-27T18:50:20.975+0000] {processor.py:161} INFO - Started process (PID=199) to work on /opt/airflow/dags/retail_lakehouse_dag.py
[2025-05-27T18:50:20.976+0000] {processor.py:830} INFO - Processing file /opt/airflow/dags/retail_lakehouse_dag.py for tasks to queue
[2025-05-27T18:50:20.977+0000] {logging_mixin.py:188} INFO - [2025-05-27T18:50:20.977+0000] {dagbag.py:538} INFO - Filling up the DagBag from /opt/airflow/dags/retail_lakehouse_dag.py
[2025-05-27T18:50:21.001+0000] {logging_mixin.py:188} INFO - [2025-05-27T18:50:20.998+0000] {dagbag.py:348} ERROR - Failed to import: /opt/airflow/dags/retail_lakehouse_dag.py
Traceback (most recent call last):
  File "/home/airflow/.local/lib/python3.10/site-packages/airflow/models/dagbag.py", line 344, in parse
    loader.exec_module(new_module)
  File "<frozen importlib._bootstrap_external>", line 883, in exec_module
  File "<frozen importlib._bootstrap>", line 241, in _call_with_frames_removed
  File "/opt/airflow/dags/retail_lakehouse_dag.py", line 22, in <module>
    raw_to_bronze = DockerOperator(
  File "/home/airflow/.local/lib/python3.10/site-packages/airflow/models/baseoperator.py", line 437, in apply_defaults
    result = func(self, **kwargs, default_args=default_args)
  File "/home/airflow/.local/lib/python3.10/site-packages/airflow/providers/docker/operators/docker.py", line 265, in __init__
    super().__init__(**kwargs)
  File "/home/airflow/.local/lib/python3.10/site-packages/airflow/models/baseoperator.py", line 437, in apply_defaults
    result = func(self, **kwargs, default_args=default_args)
  File "/home/airflow/.local/lib/python3.10/site-packages/airflow/models/baseoperator.py", line 793, in __init__
    raise AirflowException(
airflow.exceptions.AirflowException: Invalid arguments were passed to DockerOperator (task_id: raw_to_bronze). Invalid arguments were:
**kwargs: {'volumes': ['/mnt/c/Users/rahul.rs/Desktop/pyspark-etl-project:/opt/spark_etl']}
[2025-05-27T18:50:21.002+0000] {processor.py:842} WARNING - No viable dags retrieved from /opt/airflow/dags/retail_lakehouse_dag.py
[2025-05-27T18:50:21.021+0000] {processor.py:183} INFO - Processing /opt/airflow/dags/retail_lakehouse_dag.py took 0.049 seconds
[2025-05-27T18:50:22.022+0000] {processor.py:161} INFO - Started process (PID=204) to work on /opt/airflow/dags/retail_lakehouse_dag.py
[2025-05-27T18:50:22.024+0000] {processor.py:830} INFO - Processing file /opt/airflow/dags/retail_lakehouse_dag.py for tasks to queue
[2025-05-27T18:50:22.025+0000] {logging_mixin.py:188} INFO - [2025-05-27T18:50:22.025+0000] {dagbag.py:538} INFO - Filling up the DagBag from /opt/airflow/dags/retail_lakehouse_dag.py
[2025-05-27T18:50:22.056+0000] {logging_mixin.py:188} INFO - [2025-05-27T18:50:22.053+0000] {dagbag.py:348} ERROR - Failed to import: /opt/airflow/dags/retail_lakehouse_dag.py
Traceback (most recent call last):
  File "/home/airflow/.local/lib/python3.10/site-packages/airflow/models/dagbag.py", line 344, in parse
    loader.exec_module(new_module)
  File "<frozen importlib._bootstrap_external>", line 883, in exec_module
  File "<frozen importlib._bootstrap>", line 241, in _call_with_frames_removed
  File "/opt/airflow/dags/retail_lakehouse_dag.py", line 22, in <module>
    raw_to_bronze = DockerOperator(
  File "/home/airflow/.local/lib/python3.10/site-packages/airflow/models/baseoperator.py", line 437, in apply_defaults
    result = func(self, **kwargs, default_args=default_args)
  File "/home/airflow/.local/lib/python3.10/site-packages/airflow/providers/docker/operators/docker.py", line 265, in __init__
    super().__init__(**kwargs)
  File "/home/airflow/.local/lib/python3.10/site-packages/airflow/models/baseoperator.py", line 437, in apply_defaults
    result = func(self, **kwargs, default_args=default_args)
  File "/home/airflow/.local/lib/python3.10/site-packages/airflow/models/baseoperator.py", line 793, in __init__
    raise AirflowException(
airflow.exceptions.AirflowException: Invalid arguments were passed to DockerOperator (task_id: raw_to_bronze). Invalid arguments were:
**kwargs: {'volumes': ['/mnt/c/Users/rahul.rs/Desktop/pyspark-etl-project:/opt/spark_etl']}
[2025-05-27T18:50:22.056+0000] {processor.py:842} WARNING - No viable dags retrieved from /opt/airflow/dags/retail_lakehouse_dag.py
[2025-05-27T18:50:22.074+0000] {processor.py:183} INFO - Processing /opt/airflow/dags/retail_lakehouse_dag.py took 0.055 seconds
[2025-05-27T18:51:01.330+0000] {processor.py:161} INFO - Started process (PID=164) to work on /opt/airflow/dags/retail_lakehouse_dag.py
[2025-05-27T18:51:01.331+0000] {processor.py:830} INFO - Processing file /opt/airflow/dags/retail_lakehouse_dag.py for tasks to queue
[2025-05-27T18:51:01.332+0000] {logging_mixin.py:188} INFO - [2025-05-27T18:51:01.332+0000] {dagbag.py:538} INFO - Filling up the DagBag from /opt/airflow/dags/retail_lakehouse_dag.py
[2025-05-27T18:51:01.356+0000] {logging_mixin.py:188} INFO - [2025-05-27T18:51:01.351+0000] {dagbag.py:348} ERROR - Failed to import: /opt/airflow/dags/retail_lakehouse_dag.py
Traceback (most recent call last):
  File "/home/airflow/.local/lib/python3.10/site-packages/airflow/models/dagbag.py", line 344, in parse
    loader.exec_module(new_module)
  File "<frozen importlib._bootstrap_external>", line 883, in exec_module
  File "<frozen importlib._bootstrap>", line 241, in _call_with_frames_removed
  File "/opt/airflow/dags/retail_lakehouse_dag.py", line 22, in <module>
    raw_to_bronze = DockerOperator(
  File "/home/airflow/.local/lib/python3.10/site-packages/airflow/models/baseoperator.py", line 437, in apply_defaults
    result = func(self, **kwargs, default_args=default_args)
  File "/home/airflow/.local/lib/python3.10/site-packages/airflow/providers/docker/operators/docker.py", line 265, in __init__
    super().__init__(**kwargs)
  File "/home/airflow/.local/lib/python3.10/site-packages/airflow/models/baseoperator.py", line 437, in apply_defaults
    result = func(self, **kwargs, default_args=default_args)
  File "/home/airflow/.local/lib/python3.10/site-packages/airflow/models/baseoperator.py", line 793, in __init__
    raise AirflowException(
airflow.exceptions.AirflowException: Invalid arguments were passed to DockerOperator (task_id: raw_to_bronze). Invalid arguments were:
**kwargs: {'volumes': ['/mnt/c/Users/rahul.rs/Desktop/pyspark-etl-project:/opt/spark_etl']}
[2025-05-27T18:51:01.357+0000] {processor.py:842} WARNING - No viable dags retrieved from /opt/airflow/dags/retail_lakehouse_dag.py
[2025-05-27T18:51:01.376+0000] {processor.py:183} INFO - Processing /opt/airflow/dags/retail_lakehouse_dag.py took 0.050 seconds
[2025-05-27T18:51:31.752+0000] {processor.py:161} INFO - Started process (PID=169) to work on /opt/airflow/dags/retail_lakehouse_dag.py
[2025-05-27T18:51:31.753+0000] {processor.py:830} INFO - Processing file /opt/airflow/dags/retail_lakehouse_dag.py for tasks to queue
[2025-05-27T18:51:31.754+0000] {logging_mixin.py:188} INFO - [2025-05-27T18:51:31.754+0000] {dagbag.py:538} INFO - Filling up the DagBag from /opt/airflow/dags/retail_lakehouse_dag.py
[2025-05-27T18:51:31.771+0000] {logging_mixin.py:188} INFO - [2025-05-27T18:51:31.766+0000] {dagbag.py:348} ERROR - Failed to import: /opt/airflow/dags/retail_lakehouse_dag.py
Traceback (most recent call last):
  File "/home/airflow/.local/lib/python3.10/site-packages/airflow/models/dagbag.py", line 344, in parse
    loader.exec_module(new_module)
  File "<frozen importlib._bootstrap_external>", line 883, in exec_module
  File "<frozen importlib._bootstrap>", line 241, in _call_with_frames_removed
  File "/opt/airflow/dags/retail_lakehouse_dag.py", line 22, in <module>
    raw_to_bronze = DockerOperator(
  File "/home/airflow/.local/lib/python3.10/site-packages/airflow/models/baseoperator.py", line 437, in apply_defaults
    result = func(self, **kwargs, default_args=default_args)
  File "/home/airflow/.local/lib/python3.10/site-packages/airflow/providers/docker/operators/docker.py", line 265, in __init__
    super().__init__(**kwargs)
  File "/home/airflow/.local/lib/python3.10/site-packages/airflow/models/baseoperator.py", line 437, in apply_defaults
    result = func(self, **kwargs, default_args=default_args)
  File "/home/airflow/.local/lib/python3.10/site-packages/airflow/models/baseoperator.py", line 793, in __init__
    raise AirflowException(
airflow.exceptions.AirflowException: Invalid arguments were passed to DockerOperator (task_id: raw_to_bronze). Invalid arguments were:
**kwargs: {'volumes': ['/mnt/c/Users/rahul.rs/Desktop/pyspark-etl-project:/opt/spark_etl']}
[2025-05-27T18:51:31.772+0000] {processor.py:842} WARNING - No viable dags retrieved from /opt/airflow/dags/retail_lakehouse_dag.py
[2025-05-27T18:51:31.790+0000] {processor.py:183} INFO - Processing /opt/airflow/dags/retail_lakehouse_dag.py took 0.041 seconds
[2025-05-27T18:52:02.145+0000] {processor.py:161} INFO - Started process (PID=174) to work on /opt/airflow/dags/retail_lakehouse_dag.py
[2025-05-27T18:52:02.146+0000] {processor.py:830} INFO - Processing file /opt/airflow/dags/retail_lakehouse_dag.py for tasks to queue
[2025-05-27T18:52:02.147+0000] {logging_mixin.py:188} INFO - [2025-05-27T18:52:02.146+0000] {dagbag.py:538} INFO - Filling up the DagBag from /opt/airflow/dags/retail_lakehouse_dag.py
[2025-05-27T18:52:02.163+0000] {logging_mixin.py:188} INFO - [2025-05-27T18:52:02.160+0000] {dagbag.py:348} ERROR - Failed to import: /opt/airflow/dags/retail_lakehouse_dag.py
Traceback (most recent call last):
  File "/home/airflow/.local/lib/python3.10/site-packages/airflow/models/dagbag.py", line 344, in parse
    loader.exec_module(new_module)
  File "<frozen importlib._bootstrap_external>", line 883, in exec_module
  File "<frozen importlib._bootstrap>", line 241, in _call_with_frames_removed
  File "/opt/airflow/dags/retail_lakehouse_dag.py", line 22, in <module>
    raw_to_bronze = DockerOperator(
  File "/home/airflow/.local/lib/python3.10/site-packages/airflow/models/baseoperator.py", line 437, in apply_defaults
    result = func(self, **kwargs, default_args=default_args)
  File "/home/airflow/.local/lib/python3.10/site-packages/airflow/providers/docker/operators/docker.py", line 265, in __init__
    super().__init__(**kwargs)
  File "/home/airflow/.local/lib/python3.10/site-packages/airflow/models/baseoperator.py", line 437, in apply_defaults
    result = func(self, **kwargs, default_args=default_args)
  File "/home/airflow/.local/lib/python3.10/site-packages/airflow/models/baseoperator.py", line 793, in __init__
    raise AirflowException(
airflow.exceptions.AirflowException: Invalid arguments were passed to DockerOperator (task_id: raw_to_bronze). Invalid arguments were:
**kwargs: {'volumes': ['/mnt/c/Users/rahul.rs/Desktop/pyspark-etl-project:/opt/spark_etl']}
[2025-05-27T18:52:02.164+0000] {processor.py:842} WARNING - No viable dags retrieved from /opt/airflow/dags/retail_lakehouse_dag.py
[2025-05-27T18:52:02.189+0000] {processor.py:183} INFO - Processing /opt/airflow/dags/retail_lakehouse_dag.py took 0.047 seconds
